timestamps,open,high,low,close,volume,amount
2026-07-16 09:15:00,24140.69921875,24153.599609375,24119.099609375,24126.05078125,0.0,0.0
2026-07-16 09:16:00,24127.849609375,24141.099609375,24124.0,24139.099609375,0.0,0.0
2026-07-16 09:17:00,24137.599609375,24150.099609375,24136.650390625,24145.69921875,0.0,0.0
2026-07-16 09:18:00,24149.30078125,24164.25,24146.94921875,24163.150390625,0.0,0.0
2026-07-16 09:19:00,24162.94921875,24166.75,24154.30078125,24157.05078125,0.0,0.0
2026-07-16 09:20:00,24157.05078125,24165.849609375,24154.5,24157.0,0.0,0.0
2026-07-16 09:21:00,24157.19921875,24157.19921875,24132.94921875,24137.599609375,0.0,0.0
2026-07-16 09:22:00,24140.05078125,24149.099609375,24135.900390625,24141.650390625,0.0,0.0
2026-07-16 09:23:00,24142.400390625,24148.19921875,24137.900390625,24141.69921875,0.0,0.0
2026-07-16 09:24:00,24143.19921875,24145.25,24137.849609375,24140.44921875,0.0,0.0
2026-07-16 09:25:00,24143.05078125,24146.44921875,24140.5,24141.0,0.0,0.0
2026-07-16 09:26:00,24143.099609375,24145.349609375,24135.69921875,24138.400390625,0.0,0.0
2026-07-16 09:27:00,24140.599609375,24143.900390625,24129.80078125,24130.30078125,0.0,0.0
2026-07-16 09:28:00,24130.55078125,24130.55078125,24121.75,24122.30078125,0.0,0.0
2026-07-16 09:29:00,24123.900390625,24130.849609375,24118.650390625,24127.5,0.0,0.0
2026-07-16 09:30:00,24129.25,24141.69921875,24127.400390625,24136.849609375,0.0,0.0
2026-07-16 09:31:00,24138.19921875,24138.5,24127.0,24128.599609375,0.0,0.0
2026-07-16 09:32:00,24129.849609375,24132.05078125,24125.69921875,24128.80078125,0.0,0.0
2026-07-16 09:33:00,24130.94921875,24131.099609375,24120.150390625,24122.69921875,0.0,0.0
2026-07-16 09:34:00,24123.349609375,24123.55078125,24110.349609375,24110.44921875,0.0,0.0
2026-07-16 09:35:00,24112.0,24112.19921875,24105.55078125,24107.650390625,0.0,0.0
2026-07-16 09:36:00,24110.19921875,24112.30078125,24097.30078125,24099.900390625,0.0,0.0
2026-07-16 09:37:00,24102.0,24119.75,24101.099609375,24113.849609375,0.0,0.0
2026-07-16 09:38:00,24114.44921875,24114.5,24102.75,24104.5,0.0,0.0
2026-07-16 09:39:00,24104.69921875,24109.80078125,24103.150390625,24108.099609375,0.0,0.0
2026-07-16 09:40:00,24110.44921875,24114.900390625,24106.30078125,24112.099609375,0.0,0.0
2026-07-16 09:41:00,24114.400390625,24122.599609375,24111.849609375,24119.69921875,0.0,0.0
2026-07-16 09:42:00,24119.94921875,24135.69921875,24118.94921875,24131.19921875,0.0,0.0
2026-07-16 09:43:00,24132.25,24137.55078125,24127.400390625,24133.349609375,0.0,0.0
2026-07-16 09:44:00,24135.19921875,24141.099609375,24130.25,24140.849609375,0.0,0.0
2026-07-16 09:45:00,24141.599609375,24145.75,24138.44921875,24139.19921875,0.0,0.0
2026-07-16 09:46:00,24140.80078125,24140.80078125,24131.30078125,24138.0,0.0,0.0
2026-07-16 09:47:00,24140.400390625,24141.75,24133.75,24134.0,0.0,0.0
2026-07-16 09:48:00,24134.94921875,24134.94921875,24124.25,24127.19921875,0.0,0.0
2026-07-16 09:49:00,24129.55078125,24129.599609375,24120.94921875,24122.599609375,0.0,0.0
2026-07-16 09:50:00,24124.25,24124.25,24114.69921875,24121.349609375,0.0,0.0
2026-07-16 09:51:00,24121.19921875,24123.900390625,24112.25,24113.400390625,0.0,0.0
2026-07-16 09:52:00,24116.599609375,24116.599609375,24111.650390625,24114.5,0.0,0.0
2026-07-16 09:53:00,24115.94921875,24118.94921875,24113.400390625,24116.19921875,0.0,0.0
2026-07-16 09:54:00,24117.900390625,24125.94921875,24113.400390625,24125.55078125,0.0,0.0
2026-07-16 09:55:00,24126.75,24137.349609375,24125.25,24135.150390625,0.0,0.0
2026-07-16 09:56:00,24137.400390625,24140.150390625,24135.099609375,24135.94921875,0.0,0.0
2026-07-16 09:57:00,24137.05078125,24140.80078125,24133.55078125,24138.0,0.0,0.0
2026-07-16 09:58:00,24138.349609375,24140.0,24135.80078125,24137.44921875,0.0,0.0
2026-07-16 09:59:00,24138.650390625,24138.650390625,24126.80078125,24128.099609375,0.0,0.0
2026-07-16 10:00:00,24128.150390625,24128.80078125,24122.599609375,24124.05078125,0.0,0.0
2026-07-16 10:01:00,24125.94921875,24133.099609375,24123.44921875,24132.30078125,0.0,0.0
2026-07-16 10:02:00,24133.19921875,24141.0,24131.349609375,24139.0,0.0,0.0
2026-07-16 10:03:00,24140.150390625,24140.19921875,24129.69921875,24131.44921875,0.0,0.0
2026-07-16 10:04:00,24133.150390625,24133.5,24128.849609375,24130.349609375,0.0,0.0
2026-07-16 10:05:00,24131.19921875,24131.19921875,24117.55078125,24121.349609375,0.0,0.0
2026-07-16 10:06:00,24123.30078125,24124.150390625,24118.69921875,24122.94921875,0.0,0.0
2026-07-16 10:07:00,24124.099609375,24125.55078125,24120.19921875,24123.94921875,0.0,0.0
2026-07-16 10:08:00,24124.150390625,24127.69921875,24121.55078125,24125.05078125,0.0,0.0
2026-07-16 10:09:00,24125.80078125,24133.0,24124.349609375,24125.599609375,0.0,0.0
2026-07-16 10:10:00,24127.25,24127.75,24114.80078125,24117.0,0.0,0.0
2026-07-16 10:11:00,24118.69921875,24120.94921875,24116.30078125,24118.349609375,0.0,0.0
2026-07-16 10:12:00,24121.5,24121.5,24116.75,24117.75,0.0,0.0
2026-07-16 10:13:00,24118.94921875,24125.900390625,24117.150390625,24123.75,0.0,0.0
2026-07-16 10:14:00,24125.55078125,24129.599609375,24123.80078125,24126.44921875,0.0,0.0
2026-07-16 10:15:00,24128.400390625,24131.150390625,24123.05078125,24130.349609375,0.0,0.0
2026-07-16 10:16:00,24132.0,24134.55078125,24129.599609375,24133.349609375,0.0,0.0
2026-07-16 10:17:00,24134.5,24140.400390625,24129.80078125,24130.599609375,0.0,0.0
2026-07-16 10:18:00,24132.400390625,24132.69921875,24124.0,24128.650390625,0.0,0.0
2026-07-16 10:19:00,24128.94921875,24131.5,24125.5,24125.80078125,0.0,0.0
2026-07-16 10:20:00,24127.349609375,24129.69921875,24120.849609375,24122.849609375,0.0,0.0
2026-07-16 10:21:00,24123.349609375,24126.75,24121.30078125,24125.19921875,0.0,0.0
2026-07-16 10:22:00,24127.849609375,24129.05078125,24124.849609375,24126.599609375,0.0,0.0
2026-07-16 10:23:00,24128.75,24129.599609375,24125.44921875,24126.80078125,0.0,0.0
2026-07-16 10:24:00,24128.5,24131.0,24126.650390625,24130.19921875,0.0,0.0
2026-07-16 10:25:00,24130.69921875,24130.69921875,24123.25,24124.099609375,0.0,0.0
2026-07-16 10:26:00,24125.05078125,24125.69921875,24117.25,24117.349609375,0.0,0.0
2026-07-16 10:27:00,24119.099609375,24119.099609375,24107.44921875,24110.599609375,0.0,0.0
2026-07-16 10:28:00,24111.55078125,24121.19921875,24109.80078125,24118.69921875,0.0,0.0
2026-07-16 10:29:00,24120.55078125,24127.150390625,24118.849609375,24123.5,0.0,0.0
2026-07-16 10:30:00,24124.400390625,24124.400390625,24116.849609375,24119.400390625,0.0,0.0
2026-07-16 10:31:00,24121.400390625,24125.0,24116.44921875,24122.69921875,0.0,0.0
2026-07-16 10:32:00,24123.900390625,24124.05078125,24119.30078125,24119.69921875,0.0,0.0
2026-07-16 10:33:00,24120.900390625,24124.349609375,24116.599609375,24120.599609375,0.0,0.0
2026-07-16 10:34:00,24120.80078125,24121.80078125,24114.80078125,24116.44921875,0.0,0.0
2026-07-16 10:35:00,24118.099609375,24118.099609375,24111.099609375,24112.0,0.0,0.0
2026-07-16 10:36:00,24113.650390625,24120.849609375,24111.05078125,24120.05078125,0.0,0.0
2026-07-16 10:37:00,24120.849609375,24120.849609375,24111.80078125,24111.80078125,0.0,0.0
2026-07-16 10:38:00,24113.400390625,24115.94921875,24109.900390625,24113.5,0.0,0.0
2026-07-16 10:39:00,24113.5,24114.80078125,24109.55078125,24113.75,0.0,0.0
2026-07-16 10:40:00,24115.599609375,24117.19921875,24113.25,24115.349609375,0.0,0.0
2026-07-16 10:41:00,24116.5,24123.0,24114.349609375,24122.900390625,0.0,0.0
2026-07-16 10:42:00,24124.19921875,24124.19921875,24117.349609375,24119.05078125,0.0,0.0
2026-07-16 10:43:00,24120.30078125,24122.650390625,24118.75,24120.599609375,0.0,0.0
2026-07-16 10:44:00,24121.650390625,24126.75,24119.69921875,24126.55078125,0.0,0.0
2026-07-16 10:45:00,24127.44921875,24129.650390625,24123.94921875,24127.75,0.0,0.0
2026-07-16 10:46:00,24130.0,24135.55078125,24128.5,24134.05078125,0.0,0.0
2026-07-16 10:47:00,24136.19921875,24143.650390625,24135.099609375,24141.849609375,0.0,0.0
2026-07-16 10:48:00,24143.349609375,24146.19921875,24141.099609375,24144.94921875,0.0,0.0
2026-07-16 10:49:00,24145.55078125,24148.099609375,24143.05078125,24146.349609375,0.0,0.0
2026-07-16 10:50:00,24147.5,24157.44921875,24144.80078125,24155.44921875,0.0,0.0
2026-07-16 10:51:00,24156.69921875,24156.80078125,24147.05078125,24151.599609375,0.0,0.0
2026-07-16 10:52:00,24153.05078125,24154.05078125,24149.099609375,24151.44921875,0.0,0.0
2026-07-16 10:53:00,24153.44921875,24155.349609375,24150.69921875,24153.849609375,0.0,0.0
2026-07-16 10:54:00,24154.75,24154.75,24149.75,24150.900390625,0.0,0.0
2026-07-16 10:55:00,24153.099609375,24160.80078125,24152.099609375,24158.55078125,0.0,0.0
2026-07-16 10:56:00,24160.80078125,24163.349609375,24157.5,24160.44921875,0.0,0.0
2026-07-16 10:57:00,24162.900390625,24165.400390625,24160.05078125,24163.400390625,0.0,0.0
2026-07-16 10:58:00,24164.650390625,24165.94921875,24162.19921875,24163.900390625,0.0,0.0
2026-07-16 10:59:00,24165.19921875,24169.19921875,24161.69921875,24168.599609375,0.0,0.0
2026-07-16 11:00:00,24170.650390625,24184.0,24170.19921875,24180.75,0.0,0.0
2026-07-16 11:01:00,24183.349609375,24185.5,24180.099609375,24184.5,0.0,0.0
2026-07-16 11:02:00,24185.900390625,24186.0,24176.05078125,24176.5,0.0,0.0
2026-07-16 11:03:00,24178.150390625,24180.599609375,24174.69921875,24177.94921875,0.0,0.0
2026-07-16 11:04:00,24178.900390625,24179.349609375,24172.94921875,24173.55078125,0.0,0.0
2026-07-16 11:05:00,24175.400390625,24175.55078125,24168.19921875,24168.849609375,0.0,0.0
2026-07-16 11:06:00,24170.25,24170.25,24162.75,24166.5,0.0,0.0
2026-07-16 11:07:00,24167.80078125,24169.0,24162.650390625,24168.099609375,0.0,0.0
2026-07-16 11:08:00,24169.44921875,24172.650390625,24167.5,24169.05078125,0.0,0.0
2026-07-16 11:09:00,24169.900390625,24169.900390625,24161.900390625,24169.55078125,0.0,0.0
2026-07-16 11:10:00,24170.900390625,24171.599609375,24163.849609375,24166.599609375,0.0,0.0
2026-07-16 11:11:00,24168.150390625,24169.25,24164.599609375,24166.5,0.0,0.0
2026-07-16 11:12:00,24167.75,24168.099609375,24162.19921875,24162.19921875,0.0,0.0
2026-07-16 11:13:00,24163.80078125,24166.849609375,24161.05078125,24163.099609375,0.0,0.0
2026-07-16 11:14:00,24165.25,24165.25,24156.44921875,24157.900390625,0.0,0.0
2026-07-16 11:15:00,24159.099609375,24162.44921875,24156.94921875,24160.099609375,0.0,0.0
2026-07-16 11:16:00,24161.400390625,24163.5,24159.55078125,24160.599609375,0.0,0.0
2026-07-16 11:17:00,24162.150390625,24162.150390625,24152.44921875,24153.900390625,0.0,0.0
2026-07-16 11:18:00,24155.150390625,24158.849609375,24151.650390625,24157.400390625,0.0,0.0
2026-07-16 11:19:00,24159.44921875,24159.44921875,24147.30078125,24148.150390625,0.0,0.0
2026-07-16 11:20:00,24149.80078125,24156.349609375,24147.900390625,24155.650390625,0.0,0.0
2026-07-16 11:21:00,24157.19921875,24162.5,24155.400390625,24155.94921875,0.0,0.0
2026-07-16 11:22:00,24158.75,24160.05078125,24155.44921875,24156.400390625,0.0,0.0
2026-07-16 11:23:00,24150.25,24150.25,24150.25,24150.25,0.0,0.0
2026-07-16 11:29:00,24145.05078125,24148.55078125,24142.099609375,24146.349609375,0.0,0.0
2026-07-16 11:30:00,24148.94921875,24149.0,24143.55078125,24148.30078125,0.0,0.0
2026-07-16 11:31:00,24150.349609375,24154.5,24145.75,24153.30078125,0.0,0.0
2026-07-16 11:32:00,24155.349609375,24158.0,24151.75,24154.19921875,0.0,0.0
2026-07-16 11:33:00,24156.19921875,24157.55078125,24149.75,24153.94921875,0.0,0.0
2026-07-16 11:34:00,24155.0,24155.05078125,24149.650390625,24150.599609375,0.0,0.0
2026-07-16 11:35:00,24152.30078125,24156.349609375,24149.44921875,24154.5,0.0,0.0
2026-07-16 11:36:00,24156.150390625,24157.44921875,24152.099609375,24153.25,0.0,0.0
2026-07-16 11:37:00,24154.19921875,24155.94921875,24146.099609375,24146.099609375,0.0,0.0
2026-07-16 11:38:00,24146.849609375,24165.599609375,24144.0,24161.75,0.0,0.0
2026-07-16 11:39:00,24163.80078125,24164.19921875,24155.849609375,24160.0,0.0,0.0
2026-07-16 11:40:00,24162.55078125,24164.599609375,24159.75,24161.19921875,0.0,0.0
2026-07-16 11:41:00,24162.75,24166.80078125,24160.94921875,24164.75,0.0,0.0
2026-07-16 11:42:00,24166.19921875,24166.19921875,24153.25,24154.25,0.0,0.0
2026-07-16 11:43:00,24157.099609375,24157.25,24147.849609375,24150.150390625,0.0,0.0
2026-07-16 11:44:00,24151.94921875,24152.400390625,24147.0,24149.5,0.0,0.0
2026-07-16 11:45:00,24151.55078125,24155.400390625,24149.44921875,24152.650390625,0.0,0.0
2026-07-16 11:46:00,24152.94921875,24153.55078125,24148.55078125,24152.69921875,0.0,0.0
2026-07-16 11:47:00,24154.19921875,24154.19921875,24149.80078125,24150.900390625,0.0,0.0
2026-07-16 11:48:00,24152.55078125,24153.349609375,24146.69921875,24148.44921875,0.0,0.0
2026-07-16 11:49:00,24149.55078125,24152.400390625,24146.400390625,24148.55078125,0.0,0.0
2026-07-16 11:50:00,24150.94921875,24152.25,24143.900390625,24144.349609375,0.0,0.0
2026-07-16 11:51:00,24147.19921875,24149.94921875,24139.0,24147.80078125,0.0,0.0
2026-07-16 11:52:00,24148.80078125,24149.599609375,24144.0,24144.75,0.0,0.0
2026-07-16 11:53:00,24146.30078125,24149.599609375,24145.19921875,24148.75,0.0,0.0
2026-07-16 11:54:00,24149.69921875,24152.75,24146.44921875,24152.75,0.0,0.0
2026-07-16 11:55:00,24153.55078125,24153.55078125,24146.19921875,24146.849609375,0.0,0.0
2026-07-16 11:56:00,24149.099609375,24151.0,24146.400390625,24149.80078125,0.0,0.0
2026-07-16 11:57:00,24151.150390625,24154.900390625,24147.150390625,24153.25,0.0,0.0
2026-07-16 11:58:00,24153.55078125,24153.650390625,24148.30078125,24149.19921875,0.0,0.0
2026-07-16 11:59:00,24151.30078125,24154.69921875,24146.849609375,24151.0,0.0,0.0
2026-07-16 12:00:00,24153.05078125,24154.05078125,24149.55078125,24151.25,0.0,0.0
2026-07-16 12:01:00,24152.400390625,24152.400390625,24145.0,24145.30078125,0.0,0.0
2026-07-16 12:02:00,24146.0,24147.80078125,24142.5,24144.349609375,0.0,0.0
2026-07-16 12:03:00,24145.80078125,24145.80078125,24135.900390625,24137.5,0.0,0.0
2026-07-16 12:04:00,24138.599609375,24140.349609375,24134.099609375,24138.650390625,0.0,0.0
2026-07-16 12:05:00,24141.0,24142.44921875,24137.150390625,24141.25,0.0,0.0
2026-07-16 12:06:00,24143.099609375,24144.099609375,24140.099609375,24142.80078125,0.0,0.0
2026-07-16 12:07:00,24143.599609375,24143.900390625,24136.5,24137.400390625,0.0,0.0
2026-07-16 12:08:00,24139.19921875,24142.900390625,24134.80078125,24142.80078125,0.0,0.0
2026-07-16 12:09:00,24144.150390625,24144.80078125,24137.94921875,24139.55078125,0.0,0.0
2026-07-16 12:10:00,24140.5,24141.30078125,24137.349609375,24139.94921875,0.0,0.0
2026-07-16 12:11:00,24142.25,24144.900390625,24139.94921875,24140.69921875,0.0,0.0
2026-07-16 12:12:00,24142.19921875,24144.650390625,24138.75,24139.30078125,0.0,0.0
2026-07-16 12:13:00,24140.25,24140.25,24134.400390625,24135.400390625,0.0,0.0
2026-07-16 12:14:00,24137.55078125,24137.55078125,24132.44921875,24133.900390625,0.0,0.0
2026-07-16 12:15:00,24136.30078125,24138.44921875,24133.349609375,24135.349609375,0.0,0.0
2026-07-16 12:16:00,24136.75,24136.75,24132.0,24133.900390625,0.0,0.0
2026-07-16 12:17:00,24135.80078125,24139.150390625,24132.94921875,24137.400390625,0.0,0.0
2026-07-16 12:18:00,24138.75,24139.25,24132.349609375,24134.5,0.0,0.0
2026-07-16 12:19:00,24135.900390625,24138.80078125,24131.94921875,24138.5,0.0,0.0
2026-07-16 12:20:00,24139.75,24140.19921875,24137.30078125,24139.25,0.0,0.0
2026-07-16 12:21:00,24140.44921875,24140.849609375,24137.0,24139.349609375,0.0,0.0
2026-07-16 12:22:00,24139.80078125,24140.75,24133.349609375,24136.05078125,0.0,0.0
2026-07-16 12:23:00,24138.349609375,24138.599609375,24132.5,24133.349609375,0.0,0.0
2026-07-16 12:24:00,24135.44921875,24139.75,24132.05078125,24138.19921875,0.0,0.0
2026-07-16 12:25:00,24139.05078125,24150.400390625,24137.650390625,24149.30078125,0.0,0.0
2026-07-16 12:26:00,24150.900390625,24152.849609375,24149.099609375,24151.75,0.0,0.0
2026-07-16 12:27:00,24153.099609375,24153.849609375,24147.69921875,24150.19921875,0.0,0.0
2026-07-16 12:28:00,24152.30078125,24161.400390625,24150.44921875,24158.0,0.0,0.0
2026-07-16 12:29:00,24158.30078125,24163.44921875,24157.05078125,24159.599609375,0.0,0.0
2026-07-16 12:30:00,24160.650390625,24160.650390625,24153.400390625,24156.650390625,0.0,0.0
2026-07-16 12:31:00,24157.55078125,24157.55078125,24151.30078125,24154.099609375,0.0,0.0
2026-07-16 12:32:00,24154.30078125,24155.849609375,24149.44921875,24149.849609375,0.0,0.0
2026-07-16 12:33:00,24151.099609375,24152.0,24142.849609375,24144.19921875,0.0,0.0
2026-07-16 12:34:00,24145.44921875,24148.400390625,24140.650390625,24146.5,0.0,0.0
2026-07-16 12:35:00,24147.349609375,24149.80078125,24139.5,24142.05078125,0.0,0.0
2026-07-16 12:36:00,24144.150390625,24148.349609375,24142.80078125,24145.55078125,0.0,0.0
2026-07-16 12:37:00,24147.400390625,24147.400390625,24141.400390625,24142.05078125,0.0,0.0
2026-07-16 12:38:00,24144.599609375,24144.599609375,24137.55078125,24141.0,0.0,0.0
2026-07-16 12:39:00,24141.30078125,24143.75,24138.900390625,24141.400390625,0.0,0.0
2026-07-16 12:40:00,24142.849609375,24144.0,24138.900390625,24143.19921875,0.0,0.0
2026-07-16 12:41:00,24144.0,24144.69921875,24138.0,24143.150390625,0.0,0.0
2026-07-16 12:42:00,24142.94921875,24143.900390625,24133.599609375,24133.80078125,0.0,0.0
2026-07-16 12:43:00,24136.650390625,24136.650390625,24126.349609375,24130.849609375,0.0,0.0
2026-07-16 12:44:00,24131.94921875,24135.0,24128.25,24130.400390625,0.0,0.0
2026-07-16 12:45:00,24133.099609375,24135.599609375,24128.80078125,24134.5,0.0,0.0
2026-07-16 12:46:00,24135.349609375,24136.25,24131.599609375,24132.400390625,0.0,0.0
2026-07-16 12:47:00,24134.150390625,24134.150390625,24131.5,24132.94921875,0.0,0.0
2026-07-16 12:48:00,24134.900390625,24134.900390625,24131.19921875,24132.5,0.0,0.0
2026-07-16 12:49:00,24134.25,24134.650390625,24130.150390625,24131.900390625,0.0,0.0
2026-07-16 12:50:00,24133.75,24133.80078125,24129.900390625,24131.94921875,0.0,0.0
2026-07-16 12:51:00,24132.19921875,24133.75,24128.900390625,24129.30078125,0.0,0.0
2026-07-16 12:52:00,24130.849609375,24133.94921875,24129.0,24131.099609375,0.0,0.0
2026-07-16 12:53:00,24132.650390625,24132.650390625,24123.0,24123.849609375,0.0,0.0
2026-07-16 12:54:00,24125.19921875,24126.55078125,24120.25,24125.599609375,0.0,0.0
2026-07-16 12:55:00,24127.19921875,24127.19921875,24122.650390625,24126.650390625,0.0,0.0
2026-07-16 12:56:00,24127.900390625,24127.900390625,24121.849609375,24124.19921875,0.0,0.0
2026-07-16 12:57:00,24124.19921875,24128.349609375,24123.05078125,24123.44921875,0.0,0.0
2026-07-16 12:58:00,24123.400390625,24125.900390625,24122.75,24123.30078125,0.0,0.0
2026-07-16 12:59:00,24125.150390625,24125.150390625,24120.849609375,24124.30078125,0.0,0.0
2026-07-16 13:00:00,24124.55078125,24124.80078125,24110.5,24112.150390625,0.0,0.0
2026-07-16 13:01:00,24114.80078125,24122.150390625,24112.0,24122.150390625,0.0,0.0
2026-07-16 13:02:00,24122.5,24123.349609375,24118.25,24120.30078125,0.0,0.0
2026-07-16 13:03:00,24122.150390625,24122.25,24116.849609375,24119.25,0.0,0.0
2026-07-16 13:04:00,24121.05078125,24125.05078125,24117.25,24125.05078125,0.0,0.0
2026-07-16 13:05:00,24126.55078125,24128.150390625,24120.05078125,24124.599609375,0.0,0.0
2026-07-16 13:06:00,24126.44921875,24129.900390625,24121.69921875,24125.0,0.0,0.0
2026-07-16 13:07:00,24127.94921875,24128.099609375,24121.599609375,24123.05078125,0.0,0.0
2026-07-16 13:08:00,24124.400390625,24128.94921875,24121.849609375,24126.0,0.0,0.0
2026-07-16 13:09:00,24125.75,24130.75,24123.599609375,24125.5,0.0,0.0
2026-07-16 13:10:00,24128.25,24128.25,24118.5,24119.5,0.0,0.0
2026-07-16 13:11:00,24120.5,24121.599609375,24116.849609375,24118.44921875,0.0,0.0
2026-07-16 13:12:00,24120.400390625,24124.44921875,24118.44921875,24123.150390625,0.0,0.0
2026-07-16 13:13:00,24124.19921875,24127.25,24122.0,24123.900390625,0.0,0.0
2026-07-16 13:14:00,24124.849609375,24128.0,24119.75,24120.599609375,0.0,0.0
2026-07-16 13:15:00,24120.94921875,24121.80078125,24110.349609375,24110.94921875,0.0,0.0
2026-07-16 13:16:00,24111.849609375,24116.75,24109.400390625,24113.44921875,0.0,0.0
2026-07-16 13:17:00,24114.94921875,24115.25,24108.55078125,24110.099609375,0.0,0.0
2026-07-16 13:18:00,24113.30078125,24118.80078125,24109.05078125,24115.900390625,0.0,0.0
2026-07-16 13:19:00,24115.650390625,24117.5,24113.599609375,24115.44921875,0.0,0.0
2026-07-16 13:20:00,24117.5,24120.150390625,24114.80078125,24119.55078125,0.0,0.0
2026-07-16 13:21:00,24120.5,24122.19921875,24118.099609375,24119.849609375,0.0,0.0
2026-07-16 13:22:00,24120.0,24121.25,24112.94921875,24112.94921875,0.0,0.0
2026-07-16 13:23:00,24114.30078125,24116.400390625,24110.94921875,24113.900390625,0.0,0.0
2026-07-16 13:24:00,24116.19921875,24116.599609375,24112.5,24114.30078125,0.0,0.0
2026-07-16 13:25:00,24115.19921875,24115.19921875,24105.849609375,24107.05078125,0.0,0.0
2026-07-16 13:26:00,24109.19921875,24109.19921875,24104.650390625,24106.05078125,0.0,0.0
2026-07-16 13:27:00,24107.44921875,24107.75,24102.849609375,24103.599609375,0.0,0.0
2026-07-16 13:28:00,24105.69921875,24107.0,24102.69921875,24104.0,0.0,0.0
2026-07-16 13:29:00,24106.900390625,24107.25,24102.80078125,24105.80078125,0.0,0.0
2026-07-16 13:30:00,24107.400390625,24107.400390625,24083.650390625,24091.55078125,0.0,0.0
2026-07-16 13:31:00,24091.94921875,24092.099609375,24082.30078125,24084.0,0.0,0.0
2026-07-16 13:32:00,24084.94921875,24090.349609375,24079.849609375,24088.19921875,0.0,0.0
2026-07-16 13:33:00,24089.599609375,24093.05078125,24084.150390625,24085.5,0.0,0.0
2026-07-16 13:34:00,24086.599609375,24092.349609375,24083.69921875,24090.55078125,0.0,0.0
2026-07-16 13:35:00,24092.900390625,24092.900390625,24086.0,24088.5,0.0,0.0
2026-07-16 13:36:00,24090.0,24090.05078125,24085.150390625,24087.94921875,0.0,0.0
2026-07-16 13:37:00,24089.349609375,24089.349609375,24070.099609375,24071.69921875,0.0,0.0
2026-07-16 13:38:00,24073.349609375,24073.349609375,24066.349609375,24068.150390625,0.0,0.0
2026-07-16 13:39:00,24069.44921875,24072.400390625,24067.44921875,24070.400390625,0.0,0.0
2026-07-16 13:40:00,24072.099609375,24072.099609375,24056.900390625,24061.94921875,0.0,0.0
2026-07-16 13:41:00,24064.0,24064.0,24055.75,24057.599609375,0.0,0.0
2026-07-16 13:42:00,24059.25,24061.849609375,24056.05078125,24059.80078125,0.0,0.0
2026-07-16 13:43:00,24062.55078125,24063.69921875,24056.849609375,24058.05078125,0.0,0.0
2026-07-16 13:44:00,24059.80078125,24059.80078125,24053.19921875,24053.5,0.0,0.0
2026-07-16 13:45:00,24055.5,24066.400390625,24051.75,24060.849609375,0.0,0.0
2026-07-16 13:46:00,24062.44921875,24066.599609375,24059.849609375,24063.0,0.0,0.0
2026-07-16 13:47:00,24064.55078125,24064.55078125,24058.599609375,24060.69921875,0.0,0.0
2026-07-16 13:48:00,24062.400390625,24064.5,24059.150390625,24062.349609375,0.0,0.0
2026-07-16 13:49:00,24064.25,24064.25,24057.650390625,24060.44921875,0.0,0.0
2026-07-16 13:50:00,24062.5,24067.19921875,24060.94921875,24066.150390625,0.0,0.0
2026-07-16 13:51:00,24067.69921875,24072.55078125,24064.099609375,24072.55078125,0.0,0.0
2026-07-16 13:52:00,24075.849609375,24080.349609375,24074.400390625,24078.05078125,0.0,0.0
2026-07-16 13:53:00,24079.400390625,24082.599609375,24072.849609375,24073.05078125,0.0,0.0
2026-07-16 13:54:00,24075.94921875,24078.55078125,24072.25,24075.25,0.0,0.0
2026-07-16 13:55:00,24076.25,24083.900390625,24075.0,24082.25,0.0,0.0
2026-07-16 13:56:00,24082.400390625,24095.849609375,24082.25,24089.55078125,0.0,0.0
2026-07-16 13:57:00,24090.94921875,24090.94921875,24083.94921875,24086.849609375,0.0,0.0
2026-07-16 13:58:00,24088.55078125,24090.099609375,24084.44921875,24088.19921875,0.0,0.0
2026-07-16 13:59:00,24089.94921875,24097.150390625,24086.94921875,24096.19921875,0.0,0.0
2026-07-16 14:00:00,24096.400390625,24098.75,24091.5,24094.25,0.0,0.0
2026-07-16 14:01:00,24095.400390625,24096.05078125,24091.650390625,24093.150390625,0.0,0.0
2026-07-16 14:02:00,24094.05078125,24100.849609375,24091.30078125,24098.150390625,0.0,0.0
2026-07-16 14:03:00,24099.150390625,24099.150390625,24090.400390625,24091.849609375,0.0,0.0
2026-07-16 14:04:00,24093.349609375,24096.94921875,24086.75,24091.75,0.0,0.0
2026-07-16 14:05:00,24093.69921875,24096.19921875,24091.30078125,24095.05078125,0.0,0.0
2026-07-16 14:06:00,24096.849609375,24101.400390625,24095.55078125,24098.55078125,0.0,0.0
2026-07-16 14:07:00,24101.05078125,24101.599609375,24093.05078125,24094.69921875,0.0,0.0
2026-07-16 14:08:00,24095.599609375,24096.5,24089.55078125,24091.150390625,0.0,0.0
2026-07-16 14:09:00,24091.900390625,24093.80078125,24085.80078125,24091.05078125,0.0,0.0
2026-07-16 14:10:00,24092.599609375,24092.599609375,24085.349609375,24087.900390625,0.0,0.0
2026-07-16 14:11:00,24089.650390625,24093.30078125,24088.5,24089.849609375,0.0,0.0
2026-07-16 14:12:00,24091.0,24097.650390625,24089.5,24094.5,0.0,0.0
2026-07-16 14:13:00,24094.650390625,24100.94921875,24094.30078125,24097.94921875,0.0,0.0
2026-07-16 14:14:00,24097.900390625,24098.05078125,24091.55078125,24091.55078125,0.0,0.0
2026-07-16 14:15:00,24094.150390625,24095.849609375,24091.0,24093.0,0.0,0.0
2026-07-16 14:16:00,24095.69921875,24101.94921875,24092.25,24101.650390625,0.0,0.0
2026-07-16 14:17:00,24102.05078125,24106.25,24098.44921875,24106.25,0.0,0.0
2026-07-16 14:18:00,24109.0,24111.900390625,24102.099609375,24103.099609375,0.0,0.0
2026-07-16 14:19:00,24104.900390625,24106.19921875,24100.599609375,24102.94921875,0.0,0.0
2026-07-16 14:20:00,24104.349609375,24104.5,24096.19921875,24097.650390625,0.0,0.0
2026-07-16 14:21:00,24099.25,24099.599609375,24083.94921875,24083.94921875,0.0,0.0
2026-07-16 14:22:00,24086.80078125,24097.05078125,24082.55078125,24094.69921875,0.0,0.0
2026-07-16 14:23:00,24095.400390625,24098.55078125,24091.80078125,24094.30078125,0.0,0.0
2026-07-16 14:24:00,24094.099609375,24096.69921875,24087.69921875,24090.599609375,0.0,0.0
2026-07-16 14:25:00,24091.80078125,24097.349609375,24090.19921875,24091.650390625,0.0,0.0
2026-07-16 14:26:00,24093.400390625,24093.400390625,24086.25,24087.55078125,0.0,0.0
2026-07-16 14:27:00,24089.099609375,24091.099609375,24082.80078125,24082.94921875,0.0,0.0
2026-07-16 14:28:00,24086.19921875,24087.5,24079.69921875,24085.25,0.0,0.0
2026-07-16 14:29:00,24086.25,24091.150390625,24083.44921875,24085.849609375,0.0,0.0
2026-07-16 14:30:00,24089.05078125,24096.80078125,24086.75,24096.650390625,0.0,0.0
2026-07-16 14:31:00,24097.900390625,24099.69921875,24091.0,24094.0,0.0,0.0
2026-07-16 14:32:00,24095.0,24099.349609375,24093.349609375,24098.80078125,0.0,0.0
2026-07-16 14:33:00,24100.150390625,24100.150390625,24090.849609375,24091.0,0.0,0.0
2026-07-16 14:34:00,24092.900390625,24099.75,24091.599609375,24095.150390625,0.0,0.0
2026-07-16 14:35:00,24096.900390625,24098.75,24093.900390625,24096.650390625,0.0,0.0
2026-07-16 14:36:00,24097.5,24098.19921875,24087.849609375,24088.400390625,0.0,0.0
2026-07-16 14:37:00,24091.599609375,24093.05078125,24087.349609375,24089.55078125,0.0,0.0
2026-07-16 14:38:00,24091.19921875,24091.19921875,24085.25,24087.849609375,0.0,0.0
2026-07-16 14:39:00,24089.75,24097.30078125,24087.44921875,24097.30078125,0.0,0.0
2026-07-16 14:40:00,24097.69921875,24098.849609375,24087.05078125,24088.0,0.0,0.0
2026-07-16 14:41:00,24089.650390625,24095.849609375,24083.25,24095.69921875,0.0,0.0
2026-07-16 14:42:00,24096.900390625,24100.05078125,24087.150390625,24099.19921875,0.0,0.0
2026-07-16 14:43:00,24100.55078125,24100.900390625,24094.400390625,24098.94921875,0.0,0.0
2026-07-16 14:44:00,24099.0,24101.94921875,24094.94921875,24096.0,0.0,0.0
2026-07-16 14:45:00,24099.55078125,24099.55078125,24094.05078125,24097.80078125,0.0,0.0
2026-07-16 14:46:00,24098.900390625,24098.900390625,24094.650390625,24095.099609375,0.0,0.0
2026-07-16 14:47:00,24097.69921875,24101.05078125,24094.25,24098.94921875,0.0,0.0
2026-07-16 14:48:00,24100.94921875,24100.94921875,24093.55078125,24093.55078125,0.0,0.0
2026-07-16 14:49:00,24096.849609375,24098.19921875,24092.0,24092.25,0.0,0.0
2026-07-16 14:50:00,24094.05078125,24098.849609375,24091.69921875,24095.05078125,0.0,0.0
2026-07-16 14:51:00,24096.55078125,24096.94921875,24091.94921875,24094.849609375,0.0,0.0
2026-07-16 14:52:00,24096.099609375,24096.19921875,24092.75,24094.19921875,0.0,0.0
2026-07-16 14:53:00,24095.44921875,24098.5,24091.900390625,24097.69921875,0.0,0.0
2026-07-16 14:54:00,24098.650390625,24100.05078125,24094.69921875,24096.349609375,0.0,0.0
2026-07-16 14:55:00,24098.75,24105.55078125,24096.55078125,24101.400390625,0.0,0.0
2026-07-16 14:56:00,24103.55078125,24108.349609375,24099.0,24108.349609375,0.0,0.0
2026-07-16 14:57:00,24109.25,24109.55078125,24104.5,24104.94921875,0.0,0.0
2026-07-16 14:58:00,24105.69921875,24116.099609375,24104.25,24115.0,0.0,0.0
2026-07-16 14:59:00,24118.80078125,24124.099609375,24105.25,24111.650390625,0.0,0.0
2026-07-16 15:00:00,24114.44921875,24126.55078125,24108.900390625,24113.75,0.0,0.0
2026-07-16 15:01:00,24114.150390625,24114.400390625,24095.80078125,24099.30078125,0.0,0.0
2026-07-16 15:02:00,24100.25,24100.55078125,24083.099609375,24083.099609375,0.0,0.0
2026-07-16 15:03:00,24084.849609375,24086.05078125,24072.400390625,24072.55078125,0.0,0.0
2026-07-16 15:04:00,24071.94921875,24074.94921875,24065.94921875,24067.69921875,0.0,0.0
2026-07-16 15:05:00,24067.19921875,24078.69921875,24067.19921875,24077.25,0.0,0.0
2026-07-16 15:06:00,24077.150390625,24084.25,24076.400390625,24076.400390625,0.0,0.0
2026-07-16 15:07:00,24077.150390625,24077.30078125,24065.94921875,24070.75,0.0,0.0
2026-07-16 15:08:00,24069.69921875,24081.80078125,24069.69921875,24075.650390625,0.0,0.0
2026-07-16 15:09:00,24076.55078125,24078.599609375,24072.75,24075.55078125,0.0,0.0
2026-07-16 15:10:00,24074.75,24077.55078125,24071.0,24071.05078125,0.0,0.0
2026-07-16 15:11:00,24070.75,24076.650390625,24070.75,24074.44921875,0.0,0.0
2026-07-16 15:12:00,24075.150390625,24076.650390625,24072.599609375,24073.75,0.0,0.0
2026-07-16 15:13:00,24073.44921875,24078.19921875,24073.44921875,24075.05078125,0.0,0.0
2026-07-16 15:14:00,24075.30078125,24076.75,24070.349609375,24071.099609375,0.0,0.0
2026-07-16 15:15:00,24071.150390625,24073.55078125,24068.5,24068.599609375,0.0,0.0
2026-07-16 15:16:00,24068.349609375,24070.599609375,24065.25,24067.44921875,0.0,0.0
2026-07-16 15:17:00,24067.150390625,24069.05078125,24063.900390625,24065.099609375,0.0,0.0
2026-07-16 15:18:00,24066.150390625,24067.349609375,24061.19921875,24064.75,0.0,0.0
2026-07-16 15:19:00,24065.400390625,24067.099609375,24064.05078125,24065.650390625,0.0,0.0
2026-07-16 15:20:00,24064.80078125,24066.150390625,24058.44921875,24058.44921875,0.0,0.0
2026-07-16 15:21:00,24058.44921875,24061.5,24057.099609375,24060.44921875,0.0,0.0
2026-07-16 15:22:00,24060.05078125,24063.75,24056.69921875,24061.150390625,0.0,0.0
2026-07-16 15:23:00,24060.25,24062.650390625,24058.55078125,24061.30078125,0.0,0.0
2026-07-16 15:24:00,24060.55078125,24062.900390625,24057.75,24058.900390625,0.0,0.0
2026-07-16 15:25:00,24059.099609375,24060.400390625,24050.44921875,24051.650390625,0.0,0.0
2026-07-16 15:26:00,24053.650390625,24063.099609375,24051.900390625,24060.900390625,0.0,0.0
2026-07-16 15:27:00,24061.05078125,24071.19921875,24060.349609375,24068.599609375,0.0,0.0
2026-07-16 15:28:00,24068.849609375,24090.150390625,24066.30078125,24085.75,0.0,0.0
2026-07-16 15:29:00,24086.30078125,24086.650390625,24074.849609375,24081.099609375,0.0,0.0
2026-07-17 09:15:00,24127.599609375,24152.349609375,24100.900390625,24150.900390625,0.0,0.0
2026-07-17 09:16:00,24151.25,24170.5,24151.25,24170.5,0.0,0.0
2026-07-17 09:17:00,24171.0,24179.80078125,24167.400390625,24174.25,0.0,0.0
2026-07-17 09:18:00,24176.150390625,24189.75,24170.5,24187.650390625,0.0,0.0
2026-07-17 09:19:00,24187.400390625,24194.80078125,24183.400390625,24188.30078125,0.0,0.0
2026-07-17 09:20:00,24187.849609375,24195.5,24184.900390625,24188.0,0.0,0.0
2026-07-17 09:21:00,24187.75,24191.25,24183.5,24185.44921875,0.0,0.0
2026-07-17 09:22:00,24185.75,24191.400390625,24182.94921875,24188.80078125,0.0,0.0
2026-07-17 09:23:00,24188.75,24191.30078125,24184.25,24185.69921875,0.0,0.0
2026-07-17 09:24:00,24186.150390625,24194.0,24182.650390625,24191.099609375,0.0,0.0
2026-07-17 09:25:00,24191.900390625,24202.099609375,24191.900390625,24197.94921875,0.0,0.0
2026-07-17 09:26:00,24198.849609375,24205.55078125,24198.150390625,24199.0,0.0,0.0
2026-07-17 09:27:00,24199.80078125,24205.0,24196.94921875,24202.80078125,0.0,0.0
2026-07-17 09:28:00,24202.849609375,24207.0,24200.25,24205.75,0.0,0.0
2026-07-17 09:29:00,24204.80078125,24211.400390625,24202.44921875,24211.30078125,0.0,0.0
2026-07-17 09:30:00,24210.0,24216.400390625,24201.650390625,24203.44921875,0.0,0.0
2026-07-17 09:31:00,24203.69921875,24207.25,24196.400390625,24196.400390625,0.0,0.0
2026-07-17 09:32:00,24196.849609375,24204.75,24193.19921875,24204.69921875,0.0,0.0
2026-07-17 09:33:00,24205.19921875,24213.5,24204.30078125,24210.849609375,0.0,0.0
2026-07-17 09:34:00,24210.69921875,24218.349609375,24205.599609375,24205.900390625,0.0,0.0
2026-07-17 09:35:00,24206.599609375,24209.75,24204.099609375,24207.19921875,0.0,0.0
2026-07-17 09:36:00,24207.05078125,24210.19921875,24203.05078125,24209.19921875,0.0,0.0
2026-07-17 09:37:00,24209.400390625,24217.05078125,24209.05078125,24216.55078125,0.0,0.0
2026-07-17 09:38:00,24216.25,24223.849609375,24215.5,24221.599609375,0.0,0.0
2026-07-17 09:39:00,24221.55078125,24225.099609375,24217.400390625,24218.599609375,0.0,0.0
2026-07-17 09:40:00,24219.150390625,24224.05078125,24216.599609375,24220.80078125,0.0,0.0
2026-07-17 09:41:00,24221.05078125,24224.55078125,24218.69921875,24221.849609375,0.0,0.0
2026-07-17 09:42:00,24222.19921875,24226.25,24220.0,24224.599609375,0.0,0.0
2026-07-17 09:43:00,24224.69921875,24229.400390625,24222.400390625,24224.900390625,0.0,0.0
2026-07-17 09:44:00,24225.150390625,24231.44921875,24222.69921875,24230.400390625,0.0,0.0
2026-07-17 09:45:00,24231.30078125,24243.55078125,24231.05078125,24234.400390625,0.0,0.0
2026-07-17 09:46:00,24234.5,24242.099609375,24233.05078125,24241.05078125,0.0,0.0
2026-07-17 09:47:00,24241.44921875,24244.599609375,24236.849609375,24237.5,0.0,0.0
2026-07-17 09:48:00,24236.349609375,24242.150390625,24236.05078125,24239.900390625,0.0,0.0
2026-07-17 09:49:00,24240.05078125,24241.900390625,24234.30078125,24237.19921875,0.0,0.0
2026-07-17 09:50:00,24236.849609375,24246.150390625,24236.80078125,24242.05078125,0.0,0.0
2026-07-17 09:51:00,24243.19921875,24243.19921875,24227.349609375,24228.400390625,0.0,0.0
2026-07-17 09:52:00,24228.900390625,24231.900390625,24227.599609375,24230.099609375,0.0,0.0
2026-07-17 09:53:00,24229.94921875,24235.400390625,24227.30078125,24232.849609375,0.0,0.0
2026-07-17 09:54:00,24233.099609375,24243.80078125,24233.0,24239.94921875,0.0,0.0
2026-07-17 09:55:00,24240.0,24242.05078125,24230.05078125,24230.55078125,0.0,0.0
2026-07-17 09:56:00,24230.19921875,24232.19921875,24222.05078125,24223.0,0.0,0.0
2026-07-17 09:57:00,24223.099609375,24224.599609375,24217.349609375,24218.80078125,0.0,0.0
2026-07-17 09:58:00,24219.349609375,24228.650390625,24217.849609375,24228.400390625,0.0,0.0
2026-07-17 09:59:00,24229.05078125,24231.599609375,24225.55078125,24228.5,0.0,0.0
2026-07-17 10:00:00,24228.849609375,24235.349609375,24221.75,24221.75,0.0,0.0
2026-07-17 10:01:00,24221.650390625,24225.30078125,24210.25,24212.44921875,0.0,0.0
2026-07-17 10:02:00,24212.349609375,24219.30078125,24212.349609375,24215.650390625,0.0,0.0
2026-07-17 10:03:00,24215.94921875,24218.30078125,24210.30078125,24214.25,0.0,0.0
2026-07-17 10:04:00,24214.94921875,24218.650390625,24210.400390625,24214.44921875,0.0,0.0
2026-07-17 10:05:00,24214.5,24222.94921875,24211.05078125,24221.099609375,0.0,0.0
2026-07-17 10:06:00,24221.30078125,24229.5,24221.25,24222.400390625,0.0,0.0
2026-07-17 10:07:00,24222.69921875,24227.05078125,24221.900390625,24225.25,0.0,0.0
2026-07-17 10:08:00,24225.650390625,24228.849609375,24219.849609375,24226.650390625,0.0,0.0
2026-07-17 10:09:00,24227.599609375,24236.0,24227.25,24231.650390625,0.0,0.0
2026-07-17 10:10:00,24231.94921875,24234.150390625,24229.900390625,24230.69921875,0.0,0.0
2026-07-17 10:11:00,24230.650390625,24234.25,24229.80078125,24233.19921875,0.0,0.0
2026-07-17 10:12:00,24233.25,24241.900390625,24231.25,24239.55078125,0.0,0.0
2026-07-17 10:13:00,24239.900390625,24248.94921875,24239.900390625,24244.900390625,0.0,0.0
2026-07-17 10:14:00,24244.900390625,24246.400390625,24239.05078125,24239.349609375,0.0,0.0
2026-07-17 10:15:00,24239.849609375,24246.69921875,24238.19921875,24245.0,0.0,0.0
2026-07-17 10:16:00,24245.69921875,24248.75,24244.150390625,24246.849609375,0.0,0.0
2026-07-17 10:17:00,24247.150390625,24254.849609375,24246.349609375,24253.25,0.0,0.0
2026-07-17 10:18:00,24253.650390625,24275.19921875,24252.25,24274.55078125,0.0,0.0
2026-07-17 10:19:00,24274.44921875,24278.94921875,24271.099609375,24274.25,0.0,0.0
2026-07-17 10:20:00,24273.94921875,24275.900390625,24266.349609375,24266.349609375,0.0,0.0
2026-07-17 10:21:00,24266.75,24270.75,24264.69921875,24268.69921875,0.0,0.0
2026-07-17 10:22:00,24268.30078125,24268.75,24262.94921875,24263.0,0.0,0.0
2026-07-17 10:23:00,24262.94921875,24263.5,24257.5,24259.44921875,0.0,0.0
2026-07-17 10:24:00,24258.80078125,24259.25,24253.849609375,24256.5,0.0,0.0
2026-07-17 10:25:00,24255.599609375,24265.69921875,24254.94921875,24262.94921875,0.0,0.0
2026-07-17 10:26:00,24263.900390625,24266.5,24262.25,24265.80078125,0.0,0.0
2026-07-17 10:27:00,24265.75,24269.94921875,24264.150390625,24267.69921875,0.0,0.0
2026-07-17 10:28:00,24267.650390625,24276.94921875,24266.75,24273.900390625,0.0,0.0
2026-07-17 10:29:00,24273.30078125,24281.69921875,24272.599609375,24281.349609375,0.0,0.0
2026-07-17 10:30:00,24281.55078125,24283.44921875,24276.099609375,24279.80078125,0.0,0.0
2026-07-17 10:31:00,24279.400390625,24284.0,24278.5,24282.69921875,0.0,0.0
2026-07-17 10:32:00,24283.099609375,24288.349609375,24281.30078125,24285.30078125,0.0,0.0
2026-07-17 10:33:00,24285.19921875,24285.19921875,24276.400390625,24279.75,0.0,0.0
2026-07-17 10:34:00,24279.650390625,24286.150390625,24279.19921875,24285.25,0.0,0.0
2026-07-17 10:35:00,24284.30078125,24286.650390625,24271.599609375,24272.099609375,0.0,0.0
2026-07-17 10:36:00,24272.19921875,24275.19921875,24268.69921875,24271.349609375,0.0,0.0
2026-07-17 10:37:00,24272.5,24275.0,24266.80078125,24266.849609375,0.0,0.0
2026-07-17 10:38:00,24267.25,24268.44921875,24262.80078125,24267.94921875,0.0,0.0
2026-07-17 10:39:00,24267.80078125,24269.400390625,24265.30078125,24267.25,0.0,0.0
2026-07-17 10:40:00,24267.25,24269.55078125,24264.44921875,24269.55078125,0.0,0.0
2026-07-17 10:41:00,24268.44921875,24271.400390625,24267.0,24270.599609375,0.0,0.0
2026-07-17 10:42:00,24270.75,24274.349609375,24268.599609375,24268.599609375,0.0,0.0
2026-07-17 10:43:00,24269.25,24270.150390625,24244.19921875,24248.650390625,0.0,0.0
2026-07-17 10:44:00,24248.150390625,24259.69921875,24248.05078125,24259.30078125,0.0,0.0
2026-07-17 10:45:00,24259.099609375,24262.650390625,24247.05078125,24253.30078125,0.0,0.0
2026-07-17 10:46:00,24253.30078125,24253.5,24245.05078125,24251.44921875,0.0,0.0
2026-07-17 10:47:00,24252.5,24256.05078125,24251.30078125,24254.30078125,0.0,0.0
2026-07-17 10:48:00,24254.400390625,24258.25,24253.55078125,24253.900390625,0.0,0.0
2026-07-17 10:49:00,24253.599609375,24255.099609375,24248.19921875,24249.44921875,0.0,0.0
2026-07-17 10:50:00,24249.900390625,24253.44921875,24247.900390625,24251.5,0.0,0.0
2026-07-17 10:51:00,24251.05078125,24253.650390625,24247.05078125,24248.55078125,0.0,0.0
2026-07-17 10:52:00,24248.900390625,24252.900390625,24246.150390625,24251.349609375,0.0,0.0
2026-07-17 10:53:00,24251.75,24258.25,24251.75,24255.94921875,0.0,0.0
2026-07-17 10:54:00,24256.19921875,24260.80078125,24250.30078125,24255.75,0.0,0.0
2026-07-17 10:55:00,24255.55078125,24257.05078125,24249.099609375,24257.05078125,0.0,0.0
2026-07-17 10:56:00,24256.75,24262.75,24253.599609375,24255.94921875,0.0,0.0
2026-07-17 10:57:00,24255.849609375,24258.69921875,24252.599609375,24256.75,0.0,0.0
2026-07-17 10:58:00,24256.5,24260.0,24254.849609375,24257.80078125,0.0,0.0
2026-07-17 10:59:00,24257.75,24259.0,24251.69921875,24257.05078125,0.0,0.0
2026-07-17 11:00:00,24257.0,24262.150390625,24256.150390625,24259.5,0.0,0.0
2026-07-17 11:01:00,24259.900390625,24262.599609375,24255.099609375,24256.30078125,0.0,0.0
2026-07-17 11:02:00,24256.599609375,24256.599609375,24247.5,24247.849609375,0.0,0.0
2026-07-17 11:03:00,24248.55078125,24254.19921875,24248.349609375,24251.05078125,0.0,0.0
2026-07-17 11:04:00,24250.150390625,24258.650390625,24250.150390625,24257.650390625,0.0,0.0
2026-07-17 11:05:00,24258.150390625,24264.150390625,24256.400390625,24262.349609375,0.0,0.0
2026-07-17 11:06:00,24262.19921875,24262.80078125,24255.69921875,24261.55078125,0.0,0.0
2026-07-17 11:07:00,24261.900390625,24263.19921875,24245.69921875,24246.150390625,0.0,0.0
2026-07-17 11:08:00,24246.150390625,24246.80078125,24235.349609375,24238.849609375,0.0,0.0
2026-07-17 11:09:00,24238.349609375,24244.5,24238.150390625,24242.150390625,0.0,0.0
2026-07-17 11:10:00,24241.900390625,24244.849609375,24237.30078125,24238.44921875,0.0,0.0
2026-07-17 11:11:00,24238.900390625,24244.349609375,24238.69921875,24241.099609375,0.0,0.0
2026-07-17 11:12:00,24240.75,24242.150390625,24238.349609375,24241.94921875,0.0,0.0
2026-07-17 11:13:00,24241.69921875,24243.55078125,24236.94921875,24239.0,0.0,0.0
2026-07-17 11:14:00,24237.900390625,24238.349609375,24230.900390625,24235.900390625,0.0,0.0
2026-07-17 11:15:00,24235.69921875,24240.650390625,24233.94921875,24237.75,0.0,0.0
2026-07-17 11:16:00,24237.599609375,24239.44921875,24232.650390625,24235.30078125,0.0,0.0
2026-07-17 11:17:00,24235.349609375,24242.099609375,24235.349609375,24240.44921875,0.0,0.0
2026-07-17 11:18:00,24239.5,24240.5,24234.44921875,24237.150390625,0.0,0.0
2026-07-17 11:19:00,24236.900390625,24243.349609375,24235.69921875,24240.75,0.0,0.0
2026-07-17 11:20:00,24241.650390625,24243.55078125,24239.55078125,24241.5,0.0,0.0
2026-07-17 11:21:00,24241.75,24244.69921875,24238.849609375,24242.30078125,0.0,0.0
2026-07-17 11:22:00,24241.69921875,24250.599609375,24241.69921875,24249.150390625,0.0,0.0
2026-07-17 11:23:00,24249.44921875,24250.19921875,24235.75,24238.349609375,0.0,0.0
2026-07-17 11:24:00,24238.44921875,24246.30078125,24237.05078125,24246.30078125,0.0,0.0
2026-07-17 11:25:00,24246.19921875,24248.19921875,24241.19921875,24242.400390625,0.0,0.0
2026-07-17 11:26:00,24242.80078125,24242.80078125,24238.0,24241.0,0.0,0.0
2026-07-17 11:27:00,24240.80078125,24246.099609375,24240.80078125,24243.55078125,0.0,0.0
2026-07-17 11:28:00,24243.5,24247.849609375,24241.75,24244.80078125,0.0,0.0
2026-07-17 11:29:00,24245.19921875,24250.900390625,24244.0,24244.400390625,0.0,0.0
2026-07-17 11:30:00,24243.0,24248.19921875,24243.0,24244.25,0.0,0.0
2026-07-17 11:31:00,24244.150390625,24248.05078125,24243.349609375,24245.349609375,0.0,0.0
2026-07-17 11:32:00,24245.349609375,24247.349609375,24241.44921875,24242.650390625,0.0,0.0
2026-07-17 11:33:00,24242.849609375,24248.94921875,24241.0,24248.05078125,0.0,0.0
2026-07-17 11:34:00,24248.0,24256.849609375,24247.05078125,24252.69921875,0.0,0.0
2026-07-17 11:35:00,24252.599609375,24258.849609375,24252.0,24258.55078125,0.0,0.0
2026-07-17 11:36:00,24258.150390625,24259.44921875,24250.5,24250.5,0.0,0.0
2026-07-17 11:37:00,24250.849609375,24254.25,24245.05078125,24246.69921875,0.0,0.0
2026-07-17 11:38:00,24246.900390625,24251.94921875,24244.599609375,24251.650390625,0.0,0.0
2026-07-17 11:39:00,24251.19921875,24257.19921875,24248.849609375,24256.5,0.0,0.0
2026-07-17 11:40:00,24257.05078125,24259.599609375,24253.94921875,24258.099609375,0.0,0.0
2026-07-17 11:41:00,24258.5,24263.30078125,24256.80078125,24262.599609375,0.0,0.0
2026-07-17 11:42:00,24263.30078125,24264.900390625,24259.849609375,24260.599609375,0.0,0.0
2026-07-17 11:43:00,24261.400390625,24264.80078125,24259.099609375,24261.69921875,0.0,0.0
2026-07-17 11:44:00,24262.099609375,24269.0,24262.0,24267.25,0.0,0.0
2026-07-17 11:45:00,24267.19921875,24271.900390625,24267.150390625,24271.099609375,0.0,0.0
2026-07-17 11:46:00,24271.55078125,24272.25,24266.55078125,24268.099609375,0.0,0.0
2026-07-17 11:47:00,24269.05078125,24271.25,24265.099609375,24266.599609375,0.0,0.0
2026-07-17 11:48:00,24266.349609375,24270.19921875,24265.19921875,24267.05078125,0.0,0.0
2026-07-17 11:49:00,24267.650390625,24270.69921875,24265.30078125,24266.80078125,0.0,0.0
2026-07-17 11:50:00,24267.650390625,24270.650390625,24264.900390625,24270.349609375,0.0,0.0
2026-07-17 11:51:00,24270.599609375,24274.25,24268.900390625,24271.75,0.0,0.0
2026-07-17 11:52:00,24272.349609375,24274.05078125,24269.650390625,24272.69921875,0.0,0.0
2026-07-17 11:53:00,24273.849609375,24279.30078125,24273.5,24277.94921875,0.0,0.0
2026-07-17 11:54:00,24278.69921875,24282.5,24277.599609375,24278.349609375,0.0,0.0
2026-07-17 11:55:00,24279.0,24281.55078125,24274.0,24274.099609375,0.0,0.0
2026-07-17 11:56:00,24274.80078125,24281.900390625,24271.349609375,24279.80078125,0.0,0.0
2026-07-17 11:57:00,24279.69921875,24283.19921875,24279.099609375,24279.5,0.0,0.0
2026-07-17 11:58:00,24279.349609375,24280.599609375,24273.75,24274.69921875,0.0,0.0
2026-07-17 11:59:00,24275.0,24278.349609375,24273.849609375,24277.150390625,0.0,0.0
2026-07-17 12:00:00,24277.849609375,24279.80078125,24265.55078125,24269.0,0.0,0.0
2026-07-17 12:01:00,24270.900390625,24271.94921875,24266.75,24267.75,0.0,0.0
2026-07-17 12:02:00,24268.150390625,24270.349609375,24264.900390625,24266.75,0.0,0.0
2026-07-17 12:03:00,24267.30078125,24276.30078125,24264.849609375,24274.5,0.0,0.0
2026-07-17 12:04:00,24275.5,24279.94921875,24273.599609375,24275.650390625,0.0,0.0
2026-07-17 12:05:00,24274.849609375,24276.94921875,24271.400390625,24274.19921875,0.0,0.0
2026-07-17 12:06:00,24274.25,24274.5,24266.19921875,24267.349609375,0.0,0.0
2026-07-17 12:07:00,24267.80078125,24270.30078125,24262.099609375,24263.349609375,0.0,0.0
2026-07-17 12:08:00,24263.349609375,24267.80078125,24260.69921875,24267.19921875,0.0,0.0
2026-07-17 12:09:00,24268.099609375,24275.400390625,24267.75,24273.900390625,0.0,0.0
2026-07-17 12:10:00,24274.19921875,24279.900390625,24272.900390625,24273.80078125,0.0,0.0
2026-07-17 12:11:00,24274.0,24276.69921875,24270.44921875,24271.69921875,0.0,0.0
2026-07-17 12:12:00,24271.55078125,24278.25,24270.44921875,24275.69921875,0.0,0.0
2026-07-17 12:13:00,24275.900390625,24278.349609375,24269.80078125,24270.94921875,0.0,0.0
2026-07-17 12:14:00,24270.5,24278.25,24269.0,24276.75,0.0,0.0
2026-07-17 12:15:00,24276.55078125,24281.400390625,24275.94921875,24279.80078125,0.0,0.0
2026-07-17 12:16:00,24280.5,24284.44921875,24272.150390625,24274.150390625,0.0,0.0
2026-07-17 12:17:00,24274.30078125,24275.94921875,24267.349609375,24271.400390625,0.0,0.0
2026-07-17 12:18:00,24272.19921875,24277.349609375,24270.30078125,24275.849609375,0.0,0.0
2026-07-17 12:19:00,24275.650390625,24279.30078125,24273.650390625,24275.30078125,0.0,0.0
2026-07-17 12:20:00,24275.44921875,24281.900390625,24274.650390625,24280.900390625,0.0,0.0
2026-07-17 12:21:00,24280.75,24282.650390625,24277.0,24280.5,0.0,0.0
2026-07-17 12:22:00,24279.5,24281.5,24268.599609375,24271.599609375,0.0,0.0
2026-07-17 12:23:00,24271.900390625,24282.150390625,24271.900390625,24280.30078125,0.0,0.0
2026-07-17 12:24:00,24281.05078125,24283.599609375,24279.05078125,24281.75,0.0,0.0
2026-07-17 12:25:00,24281.75,24286.349609375,24278.55078125,24279.44921875,0.0,0.0
2026-07-17 12:26:00,24278.69921875,24283.30078125,24276.44921875,24277.099609375,0.0,0.0
2026-07-17 12:27:00,24277.30078125,24283.0,24277.05078125,24279.19921875,0.0,0.0
2026-07-17 12:28:00,24278.55078125,24282.05078125,24278.25,24279.05078125,0.0,0.0
2026-07-17 12:29:00,24277.900390625,24280.099609375,24273.19921875,24277.55078125,0.0,0.0
2026-07-17 12:30:00,24277.650390625,24278.69921875,24271.650390625,24274.150390625,0.0,0.0
2026-07-17 12:31:00,24274.55078125,24278.349609375,24272.900390625,24278.30078125,0.0,0.0
2026-07-17 12:32:00,24277.099609375,24279.94921875,24273.099609375,24273.30078125,0.0,0.0
2026-07-17 12:33:00,24273.75,24281.150390625,24273.44921875,24280.25,0.0,0.0
2026-07-17 12:34:00,24280.44921875,24284.599609375,24280.150390625,24281.099609375,0.0,0.0
2026-07-17 12:35:00,24281.150390625,24283.900390625,24277.5,24281.69921875,0.0,0.0
2026-07-17 12:36:00,24281.30078125,24283.75,24281.150390625,24281.650390625,0.0,0.0
2026-07-17 12:37:00,24281.650390625,24284.0,24278.349609375,24279.05078125,0.0,0.0
2026-07-17 12:38:00,24278.900390625,24280.80078125,24275.25,24278.599609375,0.0,0.0
2026-07-17 12:39:00,24278.5,24280.75,24273.94921875,24277.75,0.0,0.0
2026-07-17 12:40:00,24277.75,24279.0,24265.94921875,24266.44921875,0.0,0.0
2026-07-17 12:41:00,24266.55078125,24269.0,24259.75,24268.099609375,0.0,0.0
2026-07-17 12:42:00,24269.05078125,24281.19921875,24268.69921875,24280.55078125,0.0,0.0
2026-07-17 12:43:00,24280.150390625,24281.099609375,24273.19921875,24275.30078125,0.0,0.0
2026-07-17 12:44:00,24275.0,24279.5,24274.349609375,24277.05078125,0.0,0.0
2026-07-17 12:45:00,24277.05078125,24285.599609375,24277.0,24283.44921875,0.0,0.0
2026-07-17 12:46:00,24283.5,24285.650390625,24281.55078125,24282.099609375,0.0,0.0
2026-07-17 12:47:00,24282.25,24286.400390625,24282.25,24286.30078125,0.0,0.0
2026-07-17 12:48:00,24286.55078125,24287.900390625,24281.94921875,24287.150390625,0.0,0.0
2026-07-17 12:49:00,24287.25,24297.30078125,24287.25,24293.599609375,0.0,0.0
2026-07-17 12:50:00,24294.0,24295.0,24280.05078125,24283.94921875,0.0,0.0
2026-07-17 12:51:00,24283.599609375,24283.599609375,24276.80078125,24281.349609375,0.0,0.0
2026-07-17 12:52:00,24281.349609375,24282.25,24278.69921875,24280.0,0.0,0.0
2026-07-17 12:53:00,24279.75,24280.150390625,24270.900390625,24271.55078125,0.0,0.0
2026-07-17 12:54:00,24272.5,24275.400390625,24270.849609375,24273.69921875,0.0,0.0
2026-07-17 12:55:00,24273.900390625,24278.55078125,24270.69921875,24271.44921875,0.0,0.0
2026-07-17 12:56:00,24271.19921875,24275.80078125,24271.0,24274.44921875,0.0,0.0
2026-07-17 12:57:00,24274.55078125,24284.5,24274.05078125,24280.0,0.0,0.0
2026-07-17 12:58:00,24280.349609375,24283.849609375,24277.5,24279.30078125,0.0,0.0
2026-07-17 12:59:00,24278.94921875,24285.19921875,24278.650390625,24283.349609375,0.0,0.0
2026-07-17 13:00:00,24283.30078125,24285.0,24281.599609375,24282.400390625,0.0,0.0
2026-07-17 13:01:00,24282.400390625,24286.69921875,24282.400390625,24283.599609375,0.0,0.0
2026-07-17 13:02:00,24283.75,24286.55078125,24278.55078125,24279.19921875,0.0,0.0
2026-07-17 13:03:00,24278.650390625,24283.599609375,24276.349609375,24279.25,0.0,0.0
2026-07-17 13:04:00,24279.25,24286.80078125,24279.25,24279.900390625,0.0,0.0
2026-07-17 13:05:00,24279.849609375,24282.80078125,24278.30078125,24280.849609375,0.0,0.0
2026-07-17 13:06:00,24281.099609375,24284.55078125,24279.650390625,24283.05078125,0.0,0.0
2026-07-17 13:07:00,24283.30078125,24287.44921875,24275.94921875,24276.650390625,0.0,0.0
2026-07-17 13:08:00,24276.44921875,24281.650390625,24276.44921875,24279.19921875,0.0,0.0
2026-07-17 13:09:00,24279.75,24281.349609375,24276.55078125,24277.69921875,0.0,0.0
2026-07-17 13:10:00,24278.0,24282.0,24277.44921875,24279.05078125,0.0,0.0
2026-07-17 13:11:00,24279.5,24283.69921875,24279.25,24279.75,0.0,0.0
2026-07-17 13:12:00,24279.30078125,24283.400390625,24276.5,24277.5,0.0,0.0
2026-07-17 13:13:00,24277.349609375,24281.599609375,24276.19921875,24276.55078125,0.0,0.0
2026-07-17 13:14:00,24276.44921875,24286.75,24276.44921875,24282.75,0.0,0.0
2026-07-17 13:15:00,24282.55078125,24283.599609375,24267.80078125,24271.650390625,0.0,0.0
2026-07-17 13:16:00,24271.900390625,24273.5,24267.80078125,24272.650390625,0.0,0.0
2026-07-17 13:17:00,24272.80078125,24275.900390625,24271.94921875,24275.150390625,0.0,0.0
2026-07-17 13:18:00,24275.400390625,24277.75,24271.900390625,24272.900390625,0.0,0.0
2026-07-17 13:19:00,24272.55078125,24277.650390625,24271.19921875,24273.55078125,0.0,0.0
2026-07-17 13:20:00,24273.599609375,24280.900390625,24273.599609375,24278.0,0.0,0.0
2026-07-17 13:21:00,24277.30078125,24279.80078125,24274.25,24277.55078125,0.0,0.0
2026-07-17 13:22:00,24277.44921875,24278.75,24271.400390625,24274.69921875,0.0,0.0
2026-07-17 13:23:00,24274.5,24275.5,24268.400390625,24268.75,0.0,0.0
2026-07-17 13:24:00,24269.05078125,24274.099609375,24263.69921875,24266.80078125,0.0,0.0
2026-07-17 13:25:00,24266.44921875,24269.0,24262.30078125,24269.0,0.0,0.0
2026-07-17 13:26:00,24268.650390625,24272.19921875,24264.099609375,24264.94921875,0.0,0.0
2026-07-17 13:27:00,24265.0,24266.849609375,24260.69921875,24261.400390625,0.0,0.0
2026-07-17 13:28:00,24261.849609375,24263.05078125,24257.400390625,24261.0,0.0,0.0
2026-07-17 13:29:00,24260.650390625,24272.099609375,24260.650390625,24268.05078125,0.0,0.0
2026-07-17 13:30:00,24267.30078125,24271.099609375,24266.80078125,24269.5,0.0,0.0
2026-07-17 13:31:00,24269.75,24276.44921875,24267.150390625,24268.05078125,0.0,0.0
2026-07-17 13:32:00,24268.05078125,24269.80078125,24262.94921875,24266.44921875,0.0,0.0
2026-07-17 13:33:00,24266.5,24268.099609375,24263.25,24264.19921875,0.0,0.0
2026-07-17 13:34:00,24263.94921875,24267.0,24262.69921875,24265.44921875,0.0,0.0
2026-07-17 13:35:00,24265.69921875,24270.650390625,24265.69921875,24267.349609375,0.0,0.0
2026-07-17 13:36:00,24267.599609375,24274.30078125,24267.599609375,24269.80078125,0.0,0.0
2026-07-17 13:37:00,24269.80078125,24272.5,24264.650390625,24265.150390625,0.0,0.0
2026-07-17 13:38:00,24264.69921875,24267.05078125,24262.150390625,24265.19921875,0.0,0.0
2026-07-17 13:39:00,24265.80078125,24270.400390625,24264.44921875,24269.69921875,0.0,0.0
2026-07-17 13:40:00,24269.5,24270.099609375,24257.25,24258.599609375,0.0,0.0
2026-07-17 13:41:00,24258.25,24260.25,24249.849609375,24254.75,0.0,0.0
2026-07-17 13:42:00,24254.650390625,24256.599609375,24249.19921875,24250.94921875,0.0,0.0
2026-07-17 13:43:00,24251.19921875,24252.099609375,24245.900390625,24248.349609375,0.0,0.0
2026-07-17 13:44:00,24248.349609375,24256.0,24247.55078125,24254.30078125,0.0,0.0
2026-07-17 13:45:00,24254.25,24255.25,24249.25,24252.5,0.0,0.0
2026-07-17 13:46:00,24252.400390625,24253.30078125,24243.849609375,24245.0,0.0,0.0
2026-07-17 13:47:00,24245.099609375,24245.099609375,24235.75,24238.849609375,0.0,0.0
2026-07-17 13:48:00,24238.69921875,24247.400390625,24238.349609375,24246.80078125,0.0,0.0
2026-07-17 13:49:00,24247.05078125,24248.55078125,24239.19921875,24240.05078125,0.0,0.0
2026-07-17 13:50:00,24239.94921875,24240.0,24226.0,24227.19921875,0.0,0.0
2026-07-17 13:51:00,24226.69921875,24227.05078125,24213.44921875,24215.80078125,0.0,0.0
2026-07-17 13:52:00,24215.94921875,24228.30078125,24215.400390625,24222.900390625,0.0,0.0
2026-07-17 13:53:00,24222.349609375,24229.69921875,24221.80078125,24229.0,0.0,0.0
2026-07-17 13:54:00,24229.25,24232.94921875,24228.650390625,24232.30078125,0.0,0.0
2026-07-17 13:55:00,24232.0,24238.75,24230.25,24236.349609375,0.0,0.0
2026-07-17 13:56:00,24236.5,24237.25,24229.69921875,24233.44921875,0.0,0.0
2026-07-17 13:57:00,24232.75,24236.400390625,24231.69921875,24234.05078125,0.0,0.0
2026-07-17 13:58:00,24233.69921875,24238.5,24232.650390625,24238.150390625,0.0,0.0
2026-07-17 13:59:00,24237.599609375,24252.400390625,24237.55078125,24249.94921875,0.0,0.0
2026-07-17 14:00:00,24250.099609375,24251.30078125,24245.94921875,24248.900390625,0.0,0.0
2026-07-17 14:01:00,24248.80078125,24250.650390625,24244.650390625,24247.099609375,0.0,0.0
2026-07-17 14:02:00,24246.80078125,24248.650390625,24241.80078125,24242.94921875,0.0,0.0
2026-07-17 14:03:00,24243.599609375,24247.30078125,24242.25,24246.400390625,0.0,0.0
2026-07-17 14:04:00,24246.25,24254.05078125,24246.25,24250.400390625,0.0,0.0
2026-07-17 14:05:00,24250.349609375,24257.44921875,24249.94921875,24255.650390625,0.0,0.0
2026-07-17 14:06:00,24254.69921875,24256.75,24249.44921875,24250.0,0.0,0.0
2026-07-17 14:07:00,24249.650390625,24252.599609375,24246.349609375,24251.400390625,0.0,0.0
2026-07-17 14:08:00,24251.05078125,24254.05078125,24248.099609375,24251.099609375,0.0,0.0
2026-07-17 14:09:00,24251.099609375,24255.25,24250.650390625,24252.5,0.0,0.0
2026-07-17 14:10:00,24252.94921875,24256.05078125,24252.75,24254.30078125,0.0,0.0
2026-07-17 14:11:00,24254.0,24266.650390625,24254.0,24264.55078125,0.0,0.0
2026-07-17 14:12:00,24265.25,24272.849609375,24264.5,24271.400390625,0.0,0.0
2026-07-17 14:13:00,24271.599609375,24278.05078125,24271.25,24277.05078125,0.0,0.0
2026-07-17 14:14:00,24277.25,24284.44921875,24276.94921875,24281.599609375,0.0,0.0
2026-07-17 14:15:00,24280.55078125,24345.900390625,24280.55078125,24345.900390625,0.0,0.0
2026-07-17 14:16:00,24345.400390625,24363.849609375,24334.19921875,24363.05078125,0.0,0.0
2026-07-17 14:17:00,24362.900390625,24367.150390625,24344.0,24346.5,0.0,0.0
2026-07-17 14:18:00,24347.44921875,24348.05078125,24331.55078125,24331.900390625,0.0,0.0
2026-07-17 14:19:00,24332.69921875,24333.30078125,24308.30078125,24308.94921875,0.0,0.0
2026-07-17 14:20:00,24308.44921875,24320.69921875,24308.44921875,24312.94921875,0.0,0.0
2026-07-17 14:21:00,24312.75,24315.349609375,24304.44921875,24308.69921875,0.0,0.0
2026-07-17 14:22:00,24308.900390625,24309.94921875,24301.44921875,24301.5,0.0,0.0
2026-07-17 14:23:00,24300.94921875,24302.099609375,24292.80078125,24292.80078125,0.0,0.0
2026-07-17 14:24:00,24292.69921875,24297.94921875,24290.80078125,24297.0,0.0,0.0
2026-07-17 14:25:00,24297.44921875,24309.55078125,24293.30078125,24307.69921875,0.0,0.0
2026-07-17 14:26:00,24307.30078125,24316.5,24306.55078125,24311.25,0.0,0.0
2026-07-17 14:27:00,24311.25,24312.75,24306.69921875,24310.599609375,0.0,0.0
2026-07-17 14:28:00,24310.94921875,24317.05078125,24309.25,24310.69921875,0.0,0.0
2026-07-17 14:29:00,24309.5,24311.650390625,24284.650390625,24288.650390625,0.0,0.0
2026-07-17 14:30:00,24287.400390625,24307.0,24286.849609375,24305.349609375,0.0,0.0
2026-07-17 14:31:00,24304.650390625,24307.400390625,24298.099609375,24300.0,0.0,0.0
2026-07-17 14:32:00,24300.30078125,24303.099609375,24296.349609375,24298.75,0.0,0.0
2026-07-17 14:33:00,24299.150390625,24301.69921875,24295.05078125,24295.30078125,0.0,0.0
2026-07-17 14:34:00,24295.55078125,24301.099609375,24294.900390625,24297.75,0.0,0.0
2026-07-17 14:35:00,24298.0,24301.400390625,24295.849609375,24298.75,0.0,0.0
2026-07-17 14:36:00,24298.650390625,24299.44921875,24291.099609375,24294.099609375,0.0,0.0
2026-07-17 14:37:00,24293.25,24295.05078125,24291.0,24293.599609375,0.0,0.0
2026-07-17 14:38:00,24293.05078125,24301.349609375,24290.0,24299.05078125,0.0,0.0
2026-07-17 14:39:00,24298.94921875,24299.650390625,24295.849609375,24298.5,0.0,0.0
2026-07-17 14:40:00,24297.900390625,24304.80078125,24297.900390625,24302.55078125,0.0,0.0
2026-07-17 14:41:00,24302.0,24312.150390625,24299.69921875,24310.900390625,0.0,0.0
2026-07-17 14:42:00,24311.849609375,24313.849609375,24305.75,24310.75,0.0,0.0
2026-07-17 14:43:00,24310.400390625,24317.80078125,24310.400390625,24310.849609375,0.0,0.0
2026-07-17 14:44:00,24312.099609375,24321.05078125,24310.94921875,24318.25,0.0,0.0
2026-07-17 14:45:00,24317.650390625,24322.69921875,24317.5,24319.099609375,0.0,0.0
2026-07-17 14:46:00,24319.5,24326.55078125,24315.900390625,24324.0,0.0,0.0
2026-07-17 14:47:00,24325.05078125,24327.650390625,24320.349609375,24322.05078125,0.0,0.0
2026-07-17 14:48:00,24321.599609375,24323.05078125,24316.400390625,24320.599609375,0.0,0.0
2026-07-17 14:49:00,24320.25,24327.099609375,24320.25,24323.94921875,0.0,0.0
2026-07-17 14:50:00,24324.0,24325.5,24318.05078125,24320.099609375,0.0,0.0
2026-07-17 14:51:00,24320.0,24325.05078125,24315.349609375,24316.849609375,0.0,0.0
2026-07-17 14:52:00,24317.05078125,24321.55078125,24316.5,24320.69921875,0.0,0.0
2026-07-17 14:53:00,24319.599609375,24321.05078125,24313.900390625,24320.400390625,0.0,0.0
2026-07-17 14:54:00,24320.5,24321.80078125,24316.25,24320.849609375,0.0,0.0
2026-07-17 14:55:00,24320.94921875,24329.900390625,24318.55078125,24326.55078125,0.0,0.0
2026-07-17 14:56:00,24327.400390625,24334.80078125,24321.44921875,24324.94921875,0.0,0.0
2026-07-17 14:57:00,24324.900390625,24328.55078125,24322.099609375,24322.55078125,0.0,0.0
2026-07-17 14:58:00,24321.599609375,24323.69921875,24315.150390625,24316.94921875,0.0,0.0
2026-07-17 14:59:00,24315.849609375,24319.94921875,24311.69921875,24312.099609375,0.0,0.0
2026-07-17 15:00:00,24311.75,24325.5,24311.19921875,24324.849609375,0.0,0.0
2026-07-17 15:01:00,24323.69921875,24332.80078125,24323.400390625,24326.0,0.0,0.0
2026-07-17 15:02:00,24325.599609375,24326.80078125,24321.05078125,24323.599609375,0.0,0.0
2026-07-17 15:03:00,24324.349609375,24325.349609375,24317.80078125,24318.30078125,0.0,0.0
2026-07-17 15:04:00,24317.94921875,24324.150390625,24317.099609375,24321.44921875,0.0,0.0
2026-07-17 15:05:00,24322.05078125,24328.55078125,24321.75,24326.25,0.0,0.0
2026-07-17 15:06:00,24327.55078125,24331.69921875,24326.349609375,24329.650390625,0.0,0.0
2026-07-17 15:07:00,24330.19921875,24334.650390625,24329.349609375,24334.25,0.0,0.0
2026-07-17 15:08:00,24334.30078125,24334.30078125,24330.19921875,24331.900390625,0.0,0.0
2026-07-17 15:09:00,24332.099609375,24335.05078125,24330.44921875,24333.849609375,0.0,0.0
2026-07-17 15:10:00,24333.55078125,24335.44921875,24330.5,24332.25,0.0,0.0
2026-07-17 15:11:00,24331.75,24335.55078125,24330.099609375,24331.80078125,0.0,0.0
2026-07-17 15:12:00,24332.25,24338.25,24331.69921875,24335.650390625,0.0,0.0
2026-07-17 15:13:00,24336.05078125,24336.55078125,24331.69921875,24334.900390625,0.0,0.0
2026-07-17 15:14:00,24334.900390625,24335.349609375,24327.94921875,24329.349609375,0.0,0.0
2026-07-17 15:15:00,24328.75,24329.650390625,24320.30078125,24323.94921875,0.0,0.0
2026-07-17 15:16:00,24323.849609375,24326.099609375,24320.94921875,24324.650390625,0.0,0.0
2026-07-17 15:17:00,24322.900390625,24327.0,24321.75,24325.94921875,0.0,0.0
2026-07-17 15:18:00,24325.55078125,24330.349609375,24324.44921875,24328.849609375,0.0,0.0
2026-07-17 15:19:00,24328.80078125,24330.400390625,24324.80078125,24329.25,0.0,0.0
2026-07-17 15:20:00,24329.0,24332.94921875,24326.349609375,24332.94921875,0.0,0.0
2026-07-17 15:21:00,24332.94921875,24335.55078125,24328.5,24333.349609375,0.0,0.0
2026-07-17 15:22:00,24333.150390625,24337.400390625,24332.25,24337.400390625,0.0,0.0
2026-07-17 15:23:00,24336.849609375,24339.650390625,24334.19921875,24338.400390625,0.0,0.0
2026-07-17 15:24:00,24337.94921875,24343.5,24336.599609375,24342.5,0.0,0.0
2026-07-17 15:25:00,24342.80078125,24348.0,24339.75,24344.94921875,0.0,0.0
2026-07-17 15:26:00,24345.0,24345.55078125,24340.400390625,24342.0,0.0,0.0
2026-07-17 15:27:00,24342.80078125,24346.75,24340.75,24343.349609375,0.0,0.0
2026-07-17 15:28:00,24344.0,24346.94921875,24339.19921875,24340.80078125,0.0,0.0
2026-07-17 15:29:00,24339.400390625,24352.650390625,24339.400390625,24343.650390625,0.0,0.0
2026-07-20 09:15:00,24190.05078125,24261.599609375,24170.94921875,24252.0,0.0,0.0
2026-07-20 09:16:00,24252.69921875,24253.25,24192.900390625,24217.19921875,0.0,0.0
2026-07-20 09:17:00,24216.69921875,24230.0,24206.5,24225.69921875,0.0,0.0
2026-07-20 09:18:00,24226.099609375,24229.55078125,24212.05078125,24216.5,0.0,0.0
2026-07-20 09:19:00,24216.80078125,24216.80078125,24203.25,24209.69921875,0.0,0.0
2026-07-20 09:20:00,24205.849609375,24211.69921875,24192.150390625,24198.19921875,0.0,0.0
2026-07-20 09:21:00,24196.349609375,24203.150390625,24188.900390625,24188.900390625,0.0,0.0
2026-07-20 09:22:00,24189.599609375,24191.75,24178.30078125,24187.599609375,0.0,0.0
2026-07-20 09:23:00,24187.94921875,24197.599609375,24186.5,24192.349609375,0.0,0.0
2026-07-20 09:24:00,24192.099609375,24217.150390625,24191.44921875,24212.650390625,0.0,0.0
2026-07-20 09:25:00,24213.5,24214.400390625,24194.25,24198.0,0.0,0.0
2026-07-20 09:26:00,24197.69921875,24205.55078125,24192.849609375,24203.849609375,0.0,0.0
2026-07-20 09:27:00,24204.55078125,24204.55078125,24192.94921875,24196.650390625,0.0,0.0
2026-07-20 09:28:00,24197.0,24197.30078125,24181.650390625,24188.349609375,0.0,0.0
2026-07-20 09:29:00,24188.25,24195.69921875,24185.19921875,24191.69921875,0.0,0.0
2026-07-20 09:30:00,24191.900390625,24193.05078125,24179.849609375,24182.94921875,0.0,0.0
2026-07-20 09:31:00,24184.19921875,24188.30078125,24176.400390625,24181.349609375,0.0,0.0
2026-07-20 09:32:00,24182.599609375,24184.849609375,24174.900390625,24182.099609375,0.0,0.0
2026-07-20 09:33:00,24178.5,24182.349609375,24170.19921875,24175.650390625,0.0,0.0
2026-07-20 09:34:00,24175.400390625,24181.55078125,24171.05078125,24180.44921875,0.0,0.0
2026-07-20 09:35:00,24182.0,24185.099609375,24175.900390625,24183.94921875,0.0,0.0
2026-07-20 09:36:00,24184.150390625,24190.650390625,24183.400390625,24189.44921875,0.0,0.0
2026-07-20 09:37:00,24191.05078125,24191.80078125,24180.75,24181.0,0.0,0.0
2026-07-20 09:38:00,24182.099609375,24183.55078125,24170.349609375,24172.099609375,0.0,0.0
2026-07-20 09:39:00,24172.05078125,24174.05078125,24162.75,24162.75,0.0,0.0
2026-07-20 09:40:00,24162.599609375,24169.69921875,24160.94921875,24168.349609375,0.0,0.0
2026-07-20 09:41:00,24167.900390625,24169.599609375,24161.69921875,24161.69921875,0.0,0.0
2026-07-20 09:42:00,24161.650390625,24168.5,24159.599609375,24167.849609375,0.0,0.0
2026-07-20 09:43:00,24168.0,24178.900390625,24167.349609375,24175.650390625,0.0,0.0
2026-07-20 09:44:00,24175.75,24177.69921875,24169.05078125,24171.44921875,0.0,0.0
2026-07-20 09:45:00,24170.599609375,24175.599609375,24163.150390625,24163.349609375,0.0,0.0
2026-07-20 09:46:00,24164.650390625,24170.0,24163.900390625,24166.0,0.0,0.0
2026-07-20 09:47:00,24167.650390625,24168.25,24160.55078125,24161.349609375,0.0,0.0
2026-07-20 09:48:00,24161.349609375,24165.19921875,24158.099609375,24159.55078125,0.0,0.0
2026-07-20 09:49:00,24159.80078125,24163.80078125,24157.5,24163.30078125,0.0,0.0
2026-07-20 09:50:00,24162.69921875,24175.900390625,24162.05078125,24172.0,0.0,0.0
2026-07-20 09:51:00,24171.75,24174.55078125,24164.25,24165.099609375,0.0,0.0
2026-07-20 09:52:00,24164.5,24170.75,24163.150390625,24169.599609375,0.0,0.0
2026-07-20 09:53:00,24170.349609375,24179.150390625,24168.55078125,24172.099609375,0.0,0.0
2026-07-20 09:54:00,24172.25,24178.80078125,24171.94921875,24178.150390625,0.0,0.0
2026-07-20 09:55:00,24176.19921875,24185.55078125,24174.75,24183.25,0.0,0.0
2026-07-20 09:56:00,24183.849609375,24190.94921875,24181.69921875,24189.25,0.0,0.0
2026-07-20 09:57:00,24189.30078125,24193.69921875,24185.0,24192.25,0.0,0.0
2026-07-20 09:58:00,24190.69921875,24198.5,24190.44921875,24196.099609375,0.0,0.0
2026-07-20 09:59:00,24195.44921875,24196.19921875,24188.19921875,24190.25,0.0,0.0
2026-07-20 10:00:00,24191.25,24191.25,24179.80078125,24187.099609375,0.0,0.0
2026-07-20 10:01:00,24187.5,24190.650390625,24181.80078125,24186.650390625,0.0,0.0
2026-07-20 10:02:00,24187.05078125,24197.650390625,24185.94921875,24195.19921875,0.0,0.0
2026-07-20 10:03:00,24195.05078125,24207.099609375,24193.0,24197.400390625,0.0,0.0
2026-07-20 10:04:00,24198.849609375,24199.05078125,24192.25,24194.55078125,0.0,0.0
2026-07-20 10:05:00,24194.55078125,24203.25,24192.400390625,24201.75,0.0,0.0
2026-07-20 10:06:00,24202.0,24209.5,24201.55078125,24202.55078125,0.0,0.0
2026-07-20 10:07:00,24202.5,24203.25,24195.69921875,24199.849609375,0.0,0.0
2026-07-20 10:08:00,24199.30078125,24201.599609375,24190.5,24191.599609375,0.0,0.0
2026-07-20 10:09:00,24192.25,24203.599609375,24192.25,24201.55078125,0.0,0.0
2026-07-20 10:10:00,24201.69921875,24210.75,24199.849609375,24207.75,0.0,0.0
2026-07-20 10:11:00,24207.349609375,24212.349609375,24206.0,24212.099609375,0.0,0.0
2026-07-20 10:12:00,24212.650390625,24218.0,24210.75,24217.900390625,0.0,0.0
2026-07-20 10:13:00,24218.099609375,24219.400390625,24208.599609375,24209.5,0.0,0.0
2026-07-20 10:14:00,24210.349609375,24211.599609375,24206.25,24209.94921875,0.0,0.0
2026-07-20 10:15:00,24210.400390625,24214.94921875,24207.349609375,24214.44921875,0.0,0.0
2026-07-20 10:16:00,24213.69921875,24222.150390625,24210.55078125,24222.150390625,0.0,0.0
2026-07-20 10:17:00,24221.69921875,24232.19921875,24221.099609375,24229.80078125,0.0,0.0
2026-07-20 10:18:00,24231.150390625,24232.349609375,24227.5,24229.80078125,0.0,0.0
2026-07-20 10:19:00,24230.30078125,24231.900390625,24224.30078125,24228.099609375,0.0,0.0
2026-07-20 10:20:00,24228.30078125,24230.150390625,24221.349609375,24222.599609375,0.0,0.0
2026-07-20 10:21:00,24222.599609375,24223.44921875,24219.25,24222.44921875,0.0,0.0
2026-07-20 10:22:00,24222.900390625,24226.900390625,24215.599609375,24217.25,0.0,0.0
2026-07-20 10:23:00,24217.5,24220.05078125,24210.80078125,24211.75,0.0,0.0
2026-07-20 10:24:00,24211.5,24215.25,24208.0,24213.75,0.0,0.0
2026-07-20 10:25:00,24213.75,24216.0,24209.900390625,24214.44921875,0.0,0.0
2026-07-20 10:26:00,24214.150390625,24223.44921875,24211.94921875,24223.30078125,0.0,0.0
2026-07-20 10:27:00,24223.30078125,24227.80078125,24222.25,24223.099609375,0.0,0.0
2026-07-20 10:28:00,24223.05078125,24229.349609375,24222.75,24228.69921875,0.0,0.0
2026-07-20 10:29:00,24228.30078125,24230.25,24226.44921875,24230.25,0.0,0.0
2026-07-20 10:30:00,24229.900390625,24233.69921875,24228.05078125,24233.05078125,0.0,0.0
2026-07-20 10:31:00,24233.150390625,24239.19921875,24230.30078125,24235.400390625,0.0,0.0
2026-07-20 10:32:00,24236.400390625,24237.849609375,24229.400390625,24235.5,0.0,0.0
2026-07-20 10:33:00,24235.80078125,24238.099609375,24232.650390625,24235.0,0.0,0.0
2026-07-20 10:34:00,24234.30078125,24236.5,24224.19921875,24224.19921875,0.0,0.0
2026-07-20 10:35:00,24225.599609375,24226.349609375,24215.5,24217.05078125,0.0,0.0
2026-07-20 10:36:00,24217.80078125,24223.349609375,24216.30078125,24220.69921875,0.0,0.0
2026-07-20 10:37:00,24220.5,24221.849609375,24213.94921875,24215.400390625,0.0,0.0
2026-07-20 10:38:00,24215.25,24219.69921875,24214.349609375,24218.349609375,0.0,0.0
2026-07-20 10:39:00,24218.0,24226.900390625,24217.400390625,24224.19921875,0.0,0.0
2026-07-20 10:40:00,24224.0,24229.900390625,24217.05078125,24217.05078125,0.0,0.0
2026-07-20 10:41:00,24217.44921875,24221.650390625,24215.900390625,24216.849609375,0.0,0.0
2026-07-20 10:42:00,24217.05078125,24221.05078125,24213.55078125,24217.5,0.0,0.0
2026-07-20 10:43:00,24217.30078125,24223.900390625,24215.900390625,24223.150390625,0.0,0.0
2026-07-20 10:44:00,24223.05078125,24227.05078125,24218.44921875,24218.44921875,0.0,0.0
2026-07-20 10:45:00,24218.400390625,24220.099609375,24216.55078125,24218.5,0.0,0.0
2026-07-20 10:46:00,24218.400390625,24225.099609375,24218.0,24222.849609375,0.0,0.0
2026-07-20 10:47:00,24222.650390625,24228.150390625,24220.5,24222.75,0.0,0.0
2026-07-20 10:48:00,24222.849609375,24226.25,24222.150390625,24222.55078125,0.0,0.0
2026-07-20 10:49:00,24222.44921875,24226.94921875,24221.69921875,24225.80078125,0.0,0.0
2026-07-20 10:50:00,24225.94921875,24232.150390625,24224.05078125,24230.30078125,0.0,0.0
2026-07-20 10:51:00,24230.599609375,24232.400390625,24228.25,24229.44921875,0.0,0.0
2026-07-20 10:52:00,24228.94921875,24229.349609375,24225.599609375,24227.400390625,0.0,0.0
2026-07-20 10:53:00,24226.849609375,24228.150390625,24216.75,24219.44921875,0.0,0.0
2026-07-20 10:54:00,24218.75,24224.25,24218.75,24223.150390625,0.0,0.0
2026-07-20 10:55:00,24223.80078125,24224.44921875,24216.55078125,24218.19921875,0.0,0.0
2026-07-20 10:56:00,24218.0,24226.44921875,24218.0,24224.80078125,0.0,0.0
2026-07-20 10:57:00,24224.849609375,24230.5,24223.400390625,24226.5,0.0,0.0
2026-07-20 10:58:00,24226.80078125,24228.25,24222.349609375,24224.30078125,0.0,0.0
2026-07-20 10:59:00,24223.849609375,24231.55078125,24223.099609375,24228.650390625,0.0,0.0
2026-07-20 11:00:00,24228.599609375,24231.0,24221.099609375,24222.849609375,0.0,0.0
2026-07-20 11:01:00,24223.55078125,24225.30078125,24220.75,24224.0,0.0,0.0
2026-07-20 11:02:00,24223.849609375,24224.599609375,24220.150390625,24221.30078125,0.0,0.0
2026-07-20 11:03:00,24221.19921875,24226.099609375,24220.44921875,24224.099609375,0.0,0.0
2026-07-20 11:04:00,24223.30078125,24225.099609375,24219.25,24222.80078125,0.0,0.0
2026-07-20 11:05:00,24222.849609375,24222.849609375,24211.05078125,24215.349609375,0.0,0.0
2026-07-20 11:06:00,24215.650390625,24217.650390625,24212.150390625,24217.19921875,0.0,0.0
2026-07-20 11:07:00,24216.900390625,24231.69921875,24216.150390625,24230.80078125,0.0,0.0
2026-07-20 11:08:00,24230.150390625,24234.30078125,24227.400390625,24233.05078125,0.0,0.0
2026-07-20 11:09:00,24233.5,24234.900390625,24227.05078125,24229.150390625,0.0,0.0
2026-07-20 11:10:00,24229.650390625,24231.650390625,24219.44921875,24219.44921875,0.0,0.0
2026-07-20 11:11:00,24223.19921875,24224.55078125,24218.75,24220.44921875,0.0,0.0
2026-07-20 11:12:00,24221.05078125,24222.900390625,24218.19921875,24221.150390625,0.0,0.0
2026-07-20 11:13:00,24220.55078125,24221.650390625,24215.0,24218.400390625,0.0,0.0
2026-07-20 11:14:00,24218.400390625,24219.150390625,24213.900390625,24214.599609375,0.0,0.0
2026-07-20 11:15:00,24215.44921875,24218.55078125,24207.69921875,24207.900390625,0.0,0.0
2026-07-20 11:16:00,24207.94921875,24210.94921875,24203.05078125,24210.650390625,0.0,0.0
2026-07-20 11:17:00,24210.80078125,24217.349609375,24210.0,24217.349609375,0.0,0.0
2026-07-20 11:18:00,24217.19921875,24221.099609375,24215.69921875,24218.400390625,0.0,0.0
2026-07-20 11:19:00,24218.400390625,24219.0,24215.650390625,24216.650390625,0.0,0.0
2026-07-20 11:20:00,24217.30078125,24222.94921875,24215.05078125,24221.5,0.0,0.0
2026-07-20 11:21:00,24221.5,24224.80078125,24220.400390625,24222.0,0.0,0.0
2026-07-20 11:22:00,24221.69921875,24222.0,24214.0,24217.0,0.0,0.0
2026-07-20 11:23:00,24216.849609375,24217.599609375,24212.25,24212.599609375,0.0,0.0
2026-07-20 11:24:00,24212.94921875,24213.900390625,24208.75,24211.5,0.0,0.0
2026-07-20 11:25:00,24211.19921875,24216.44921875,24211.0,24215.75,0.0,0.0
2026-07-20 11:26:00,24215.349609375,24218.5,24214.599609375,24216.75,0.0,0.0
2026-07-20 11:27:00,24217.44921875,24221.900390625,24216.099609375,24219.849609375,0.0,0.0
2026-07-20 11:28:00,24220.650390625,24222.19921875,24210.94921875,24212.650390625,0.0,0.0
2026-07-20 11:29:00,24210.80078125,24211.94921875,24205.849609375,24209.900390625,0.0,0.0
2026-07-20 11:30:00,24210.05078125,24212.55078125,24205.75,24206.55078125,0.0,0.0
2026-07-20 11:31:00,24207.349609375,24207.94921875,24200.900390625,24202.55078125,0.0,0.0
2026-07-20 11:32:00,24201.44921875,24210.30078125,24200.349609375,24208.0,0.0,0.0
2026-07-20 11:33:00,24207.599609375,24211.400390625,24206.400390625,24209.599609375,0.0,0.0
2026-07-20 11:34:00,24209.650390625,24210.650390625,24205.19921875,24207.150390625,0.0,0.0
2026-07-20 11:35:00,24206.75,24208.19921875,24194.94921875,24199.0,0.0,0.0
2026-07-20 11:36:00,24199.349609375,24205.19921875,24197.849609375,24204.5,0.0,0.0
2026-07-20 11:37:00,24204.19921875,24209.69921875,24203.400390625,24208.849609375,0.0,0.0
2026-07-20 11:38:00,24208.849609375,24215.44921875,24208.80078125,24211.05078125,0.0,0.0
2026-07-20 11:39:00,24211.05078125,24213.0,24208.80078125,24209.849609375,0.0,0.0
2026-07-20 11:40:00,24209.650390625,24211.849609375,24204.650390625,24205.900390625,0.0,0.0
2026-07-20 11:41:00,24205.599609375,24210.349609375,24203.55078125,24207.650390625,0.0,0.0
2026-07-20 11:42:00,24208.25,24208.400390625,24204.150390625,24205.30078125,0.0,0.0
2026-07-20 11:43:00,24205.5,24206.25,24200.05078125,24201.0,0.0,0.0
2026-07-20 11:44:00,24201.099609375,24201.5,24195.44921875,24196.0,0.0,0.0
2026-07-20 11:45:00,24196.44921875,24196.650390625,24188.25,24188.55078125,0.0,0.0
2026-07-20 11:46:00,24188.150390625,24197.150390625,24188.150390625,24196.69921875,0.0,0.0
2026-07-20 11:47:00,24196.650390625,24197.05078125,24190.94921875,24192.900390625,0.0,0.0
2026-07-20 11:48:00,24192.80078125,24195.80078125,24191.0,24192.25,0.0,0.0
2026-07-20 11:49:00,24192.150390625,24194.19921875,24189.599609375,24191.94921875,0.0,0.0
2026-07-20 11:50:00,24192.599609375,24194.80078125,24189.150390625,24191.69921875,0.0,0.0
2026-07-20 11:51:00,24192.099609375,24194.25,24187.0,24187.80078125,0.0,0.0
2026-07-20 11:52:00,24187.5,24188.650390625,24181.94921875,24187.55078125,0.0,0.0
2026-07-20 11:53:00,24187.849609375,24190.400390625,24185.80078125,24187.19921875,0.0,0.0
2026-07-20 11:54:00,24187.69921875,24188.650390625,24179.349609375,24179.5,0.0,0.0
2026-07-20 11:55:00,24179.75,24182.5,24177.0,24181.80078125,0.0,0.0
2026-07-20 11:56:00,24182.400390625,24186.650390625,24181.69921875,24185.44921875,0.0,0.0
2026-07-20 11:57:00,24185.349609375,24186.25,24179.150390625,24182.900390625,0.0,0.0
2026-07-20 11:58:00,24183.099609375,24190.25,24180.5,24189.599609375,0.0,0.0
2026-07-20 11:59:00,24189.849609375,24192.94921875,24188.599609375,24189.5,0.0,0.0
2026-07-20 12:00:00,24189.599609375,24191.349609375,24182.849609375,24182.849609375,0.0,0.0
2026-07-20 12:01:00,24183.150390625,24185.25,24182.19921875,24183.099609375,0.0,0.0
2026-07-20 12:02:00,24183.599609375,24184.05078125,24179.75,24182.099609375,0.0,0.0
2026-07-20 12:03:00,24181.69921875,24183.349609375,24175.150390625,24175.900390625,0.0,0.0
2026-07-20 12:04:00,24175.150390625,24179.599609375,24174.25,24177.05078125,0.0,0.0
2026-07-20 12:05:00,24177.19921875,24184.650390625,24175.099609375,24181.80078125,0.0,0.0
2026-07-20 12:06:00,24182.099609375,24185.30078125,24179.900390625,24183.25,0.0,0.0
2026-07-20 12:07:00,24183.099609375,24185.400390625,24180.0,24183.19921875,0.0,0.0
2026-07-20 12:08:00,24183.44921875,24183.75,24176.30078125,24180.400390625,0.0,0.0
2026-07-20 12:09:00,24180.650390625,24182.400390625,24176.44921875,24179.5,0.0,0.0
2026-07-20 12:10:00,24179.30078125,24186.400390625,24178.599609375,24181.94921875,0.0,0.0
2026-07-20 12:11:00,24183.19921875,24191.849609375,24181.69921875,24190.900390625,0.0,0.0
2026-07-20 12:12:00,24191.05078125,24192.44921875,24188.099609375,24189.349609375,0.0,0.0
2026-07-20 12:13:00,24189.44921875,24191.5,24185.849609375,24186.44921875,0.0,0.0
2026-07-20 12:14:00,24186.900390625,24189.30078125,24184.650390625,24187.69921875,0.0,0.0
2026-07-20 12:15:00,24187.69921875,24192.849609375,24186.94921875,24191.849609375,0.0,0.0
2026-07-20 12:16:00,24191.94921875,24194.400390625,24188.849609375,24193.900390625,0.0,0.0
2026-07-20 12:17:00,24193.650390625,24199.900390625,24192.900390625,24198.05078125,0.0,0.0
2026-07-20 12:18:00,24197.55078125,24198.099609375,24192.150390625,24192.5,0.0,0.0
2026-07-20 12:19:00,24193.349609375,24196.0,24191.849609375,24196.0,0.0,0.0
2026-07-20 12:20:00,24195.55078125,24195.69921875,24192.19921875,24192.849609375,0.0,0.0
2026-07-20 12:21:00,24192.80078125,24198.30078125,24191.69921875,24197.05078125,0.0,0.0
2026-07-20 12:22:00,24197.849609375,24198.05078125,24191.80078125,24192.69921875,0.0,0.0
2026-07-20 12:23:00,24192.80078125,24193.0,24184.19921875,24185.150390625,0.0,0.0
2026-07-20 12:24:00,24185.349609375,24185.349609375,24179.5,24179.80078125,0.0,0.0
2026-07-20 12:25:00,24180.0,24184.5,24179.94921875,24182.5,0.0,0.0
2026-07-20 12:26:00,24182.349609375,24185.099609375,24178.25,24178.25,0.0,0.0
2026-07-20 12:27:00,24178.55078125,24181.55078125,24176.0,24179.05078125,0.0,0.0
2026-07-20 12:28:00,24179.5,24181.69921875,24174.94921875,24176.349609375,0.0,0.0
2026-07-20 12:29:00,24176.349609375,24176.900390625,24168.19921875,24171.69921875,0.0,0.0
2026-07-20 12:30:00,24172.0,24179.849609375,24172.0,24179.44921875,0.0,0.0
2026-07-20 12:31:00,24179.19921875,24182.25,24178.19921875,24180.19921875,0.0,0.0
2026-07-20 12:32:00,24180.900390625,24182.30078125,24177.599609375,24179.25,0.0,0.0
2026-07-20 12:33:00,24179.30078125,24182.099609375,24177.75,24179.19921875,0.0,0.0
2026-07-20 12:34:00,24179.80078125,24180.19921875,24173.400390625,24175.25,0.0,0.0
2026-07-20 12:35:00,24175.849609375,24179.19921875,24172.349609375,24173.30078125,0.0,0.0
2026-07-20 12:36:00,24173.599609375,24174.19921875,24166.5,24166.650390625,0.0,0.0
2026-07-20 12:37:00,24166.55078125,24169.150390625,24164.5,24168.349609375,0.0,0.0
2026-07-20 12:38:00,24168.69921875,24170.400390625,24163.400390625,24164.5,0.0,0.0
2026-07-20 12:39:00,24165.099609375,24168.25,24163.900390625,24166.25,0.0,0.0
2026-07-20 12:40:00,24166.55078125,24169.94921875,24165.900390625,24169.05078125,0.0,0.0
2026-07-20 12:41:00,24168.94921875,24171.19921875,24164.80078125,24171.19921875,0.0,0.0
2026-07-20 12:42:00,24171.19921875,24173.30078125,24165.69921875,24165.69921875,0.0,0.0
2026-07-20 12:43:00,24165.849609375,24165.849609375,24157.80078125,24157.80078125,0.0,0.0
2026-07-20 12:44:00,24159.25,24161.44921875,24156.05078125,24157.19921875,0.0,0.0
2026-07-20 12:45:00,24157.400390625,24158.05078125,24153.900390625,24156.400390625,0.0,0.0
2026-07-20 12:46:00,24155.69921875,24159.349609375,24153.349609375,24153.75,0.0,0.0
2026-07-20 12:47:00,24155.150390625,24155.349609375,24140.400390625,24140.94921875,0.0,0.0
2026-07-20 12:48:00,24140.80078125,24142.349609375,24136.25,24141.05078125,0.0,0.0
2026-07-20 12:49:00,24142.099609375,24144.5,24138.599609375,24143.5,0.0,0.0
2026-07-20 12:50:00,24142.55078125,24151.75,24142.55078125,24149.80078125,0.0,0.0
2026-07-20 12:51:00,24150.0,24152.25,24146.400390625,24146.44921875,0.0,0.0
2026-07-20 12:52:00,24146.75,24164.30078125,24145.19921875,24162.849609375,0.0,0.0
2026-07-20 12:53:00,24162.650390625,24163.19921875,24158.349609375,24158.349609375,0.0,0.0
2026-07-20 12:54:00,24158.849609375,24166.400390625,24158.80078125,24164.849609375,0.0,0.0
2026-07-20 12:55:00,24164.849609375,24171.19921875,24163.30078125,24168.099609375,0.0,0.0
2026-07-20 12:56:00,24168.80078125,24171.55078125,24167.25,24170.05078125,0.0,0.0
2026-07-20 12:57:00,24169.69921875,24177.900390625,24168.25,24175.80078125,0.0,0.0
2026-07-20 12:58:00,24175.75,24190.30078125,24175.55078125,24186.900390625,0.0,0.0
2026-07-20 12:59:00,24187.05078125,24189.25,24183.650390625,24186.80078125,0.0,0.0
2026-07-20 13:00:00,24186.69921875,24189.349609375,24185.599609375,24186.0,0.0,0.0
2026-07-20 13:01:00,24186.0,24186.5,24179.900390625,24182.25,0.0,0.0
2026-07-20 13:02:00,24182.19921875,24184.19921875,24180.0,24181.849609375,0.0,0.0
2026-07-20 13:03:00,24182.05078125,24184.25,24180.69921875,24182.05078125,0.0,0.0
2026-07-20 13:04:00,24182.5,24186.25,24181.55078125,24185.19921875,0.0,0.0
2026-07-20 13:05:00,24185.55078125,24186.55078125,24180.650390625,24181.25,0.0,0.0
2026-07-20 13:06:00,24181.099609375,24184.150390625,24179.69921875,24180.94921875,0.0,0.0
2026-07-20 13:07:00,24181.150390625,24183.69921875,24180.44921875,24181.75,0.0,0.0
2026-07-20 13:08:00,24182.349609375,24184.05078125,24175.80078125,24177.19921875,0.0,0.0
2026-07-20 13:09:00,24177.099609375,24181.400390625,24176.849609375,24179.849609375,0.0,0.0
2026-07-20 13:10:00,24180.150390625,24181.900390625,24178.55078125,24178.849609375,0.0,0.0
2026-07-20 13:11:00,24179.0,24184.849609375,24178.05078125,24182.650390625,0.0,0.0
2026-07-20 13:12:00,24182.099609375,24189.150390625,24181.30078125,24186.55078125,0.0,0.0
2026-07-20 13:13:00,24187.0,24196.44921875,24186.44921875,24194.30078125,0.0,0.0
2026-07-20 13:14:00,24193.19921875,24226.0,24193.19921875,24225.0,0.0,0.0
2026-07-20 13:15:00,24224.75,24236.5,24212.400390625,24214.80078125,0.0,0.0
2026-07-20 13:16:00,24215.0,24222.5,24214.44921875,24219.25,0.0,0.0
2026-07-20 13:17:00,24219.349609375,24220.80078125,24216.30078125,24216.75,0.0,0.0
2026-07-20 13:18:00,24216.75,24220.19921875,24215.94921875,24217.150390625,0.0,0.0
2026-07-20 13:19:00,24218.0,24222.55078125,24217.349609375,24219.94921875,0.0,0.0
2026-07-20 13:20:00,24220.94921875,24223.5,24219.349609375,24220.0,0.0,0.0
2026-07-20 13:21:00,24219.69921875,24222.44921875,24218.900390625,24220.599609375,0.0,0.0
2026-07-20 13:22:00,24220.349609375,24233.55078125,24220.349609375,24232.69921875,0.0,0.0
2026-07-20 13:23:00,24232.849609375,24237.5,24232.599609375,24234.849609375,0.0,0.0
2026-07-20 13:24:00,24234.900390625,24236.25,24232.55078125,24234.69921875,0.0,0.0
2026-07-20 13:25:00,24234.599609375,24235.150390625,24224.80078125,24227.69921875,0.0,0.0
2026-07-20 13:26:00,24228.69921875,24233.94921875,24227.55078125,24232.5,0.0,0.0
2026-07-20 13:27:00,24232.80078125,24245.05078125,24232.75,24243.650390625,0.0,0.0
2026-07-20 13:28:00,24243.400390625,24246.349609375,24241.94921875,24242.400390625,0.0,0.0
2026-07-20 13:29:00,24242.900390625,24244.25,24240.150390625,24243.30078125,0.0,0.0
2026-07-20 13:30:00,24243.19921875,24246.5,24236.599609375,24236.849609375,0.0,0.0
2026-07-20 13:31:00,24236.69921875,24241.05078125,24236.150390625,24237.150390625,0.0,0.0
2026-07-20 13:32:00,24237.80078125,24241.30078125,24235.400390625,24238.25,0.0,0.0
2026-07-20 13:33:00,24237.55078125,24241.94921875,24236.150390625,24239.349609375,0.0,0.0
2026-07-20 13:34:00,24239.25,24243.900390625,24236.099609375,24236.44921875,0.0,0.0
2026-07-20 13:35:00,24237.400390625,24245.44921875,24234.44921875,24242.80078125,0.0,0.0
2026-07-20 13:36:00,24243.30078125,24250.05078125,24242.599609375,24243.19921875,0.0,0.0
2026-07-20 13:37:00,24244.05078125,24245.75,24237.650390625,24238.05078125,0.0,0.0
2026-07-20 13:38:00,24238.80078125,24241.55078125,24238.599609375,24239.55078125,0.0,0.0
2026-07-20 13:39:00,24239.400390625,24241.400390625,24238.349609375,24241.150390625,0.0,0.0
2026-07-20 13:40:00,24240.75,24241.05078125,24237.05078125,24238.900390625,0.0,0.0
2026-07-20 13:41:00,24238.55078125,24239.599609375,24235.44921875,24235.44921875,0.0,0.0
2026-07-20 13:42:00,24236.150390625,24237.55078125,24233.75,24234.44921875,0.0,0.0
2026-07-20 13:43:00,24233.94921875,24236.0,24232.44921875,24233.55078125,0.0,0.0
2026-07-20 13:44:00,24232.849609375,24233.400390625,24227.5,24228.80078125,0.0,0.0
2026-07-20 13:45:00,24228.25,24241.05078125,24227.150390625,24233.55078125,0.0,0.0
2026-07-20 13:46:00,24233.55078125,24245.44921875,24233.099609375,24244.599609375,0.0,0.0
2026-07-20 13:47:00,24245.099609375,24255.150390625,24244.69921875,24251.349609375,0.0,0.0
2026-07-20 13:48:00,24251.30078125,24256.599609375,24247.19921875,24248.650390625,0.0,0.0
2026-07-20 13:49:00,24248.19921875,24252.69921875,24245.69921875,24252.400390625,0.0,0.0
2026-07-20 13:50:00,24252.400390625,24253.75,24245.5,24247.0,0.0,0.0
2026-07-20 13:51:00,24247.05078125,24248.75,24239.69921875,24243.099609375,0.0,0.0
2026-07-20 13:52:00,24242.5,24243.150390625,24235.19921875,24236.75,0.0,0.0
2026-07-20 13:53:00,24236.599609375,24238.69921875,24232.80078125,24233.30078125,0.0,0.0
2026-07-20 13:54:00,24233.900390625,24241.25,24233.5,24240.5,0.0,0.0
2026-07-20 13:55:00,24240.650390625,24248.650390625,24240.0,24246.44921875,0.0,0.0
2026-07-20 13:56:00,24246.099609375,24247.44921875,24242.650390625,24246.25,0.0,0.0
2026-07-20 13:57:00,24246.25,24255.349609375,24246.099609375,24253.94921875,0.0,0.0
2026-07-20 13:58:00,24253.80078125,24257.900390625,24252.80078125,24256.0,0.0,0.0
2026-07-20 13:59:00,24255.80078125,24256.55078125,24253.150390625,24254.650390625,0.0,0.0
2026-07-20 14:00:00,24254.5,24256.0,24248.25,24251.099609375,0.0,0.0
2026-07-20 14:01:00,24251.150390625,24260.44921875,24250.900390625,24259.25,0.0,0.0
2026-07-20 14:02:00,24258.5,24261.55078125,24256.349609375,24257.69921875,0.0,0.0
2026-07-20 14:03:00,24257.849609375,24259.80078125,24256.80078125,24258.75,0.0,0.0
2026-07-20 14:04:00,24258.80078125,24262.900390625,24257.650390625,24262.25,0.0,0.0
2026-07-20 14:05:00,24261.849609375,24265.55078125,24260.5,24263.349609375,0.0,0.0
2026-07-20 14:06:00,24262.94921875,24264.30078125,24257.400390625,24261.75,0.0,0.0
2026-07-20 14:07:00,24261.55078125,24265.099609375,24256.599609375,24258.0,0.0,0.0
2026-07-20 14:08:00,24257.75,24264.5,24257.400390625,24261.69921875,0.0,0.0
2026-07-20 14:09:00,24261.44921875,24262.099609375,24253.94921875,24254.099609375,0.0,0.0
2026-07-20 14:10:00,24253.75,24257.400390625,24251.44921875,24253.75,0.0,0.0
2026-07-20 14:11:00,24253.150390625,24258.30078125,24251.69921875,24255.25,0.0,0.0
2026-07-20 14:12:00,24255.30078125,24261.55078125,24254.30078125,24260.05078125,0.0,0.0
2026-07-20 14:13:00,24260.05078125,24261.75,24253.69921875,24254.400390625,0.0,0.0
2026-07-20 14:14:00,24254.44921875,24255.55078125,24250.150390625,24250.900390625,0.0,0.0
2026-07-20 14:15:00,24250.55078125,24250.849609375,24243.69921875,24245.55078125,0.0,0.0
2026-07-20 14:16:00,24245.19921875,24247.44921875,24242.150390625,24242.75,0.0,0.0
2026-07-20 14:17:00,24243.30078125,24245.30078125,24241.05078125,24245.30078125,0.0,0.0
2026-07-20 14:18:00,24246.0,24251.150390625,24244.25,24250.55078125,0.0,0.0
2026-07-20 14:19:00,24250.25,24255.44921875,24249.75,24254.25,0.0,0.0
2026-07-20 14:20:00,24254.849609375,24255.0,24251.0,24251.69921875,0.0,0.0
2026-07-20 14:21:00,24251.349609375,24253.55078125,24249.44921875,24253.30078125,0.0,0.0
2026-07-20 14:22:00,24253.25,24255.55078125,24252.349609375,24254.05078125,0.0,0.0
2026-07-20 14:23:00,24253.80078125,24258.25,24253.349609375,24256.55078125,0.0,0.0
2026-07-20 14:24:00,24256.44921875,24259.099609375,24253.30078125,24253.94921875,0.0,0.0
2026-07-20 14:25:00,24253.75,24254.400390625,24249.650390625,24251.900390625,0.0,0.0
2026-07-20 14:26:00,24251.900390625,24255.650390625,24250.25,24253.349609375,0.0,0.0
2026-07-20 14:27:00,24253.150390625,24258.349609375,24251.650390625,24257.19921875,0.0,0.0
2026-07-20 14:28:00,24257.30078125,24258.0,24252.25,24254.05078125,0.0,0.0
2026-07-20 14:29:00,24254.349609375,24256.849609375,24252.400390625,24254.75,0.0,0.0
2026-07-20 14:30:00,24254.80078125,24256.55078125,24243.650390625,24245.25,0.0,0.0
2026-07-20 14:31:00,24245.0,24249.099609375,24241.80078125,24244.099609375,0.0,0.0
2026-07-20 14:32:00,24243.55078125,24245.55078125,24242.25,24244.0,0.0,0.0
2026-07-20 14:33:00,24243.55078125,24243.80078125,24239.69921875,24243.5,0.0,0.0
2026-07-20 14:34:00,24243.150390625,24245.599609375,24241.0,24242.900390625,0.0,0.0
2026-07-20 14:35:00,24242.599609375,24245.69921875,24236.150390625,24237.80078125,0.0,0.0
2026-07-20 14:36:00,24237.400390625,24238.75,24232.75,24232.75,0.0,0.0
2026-07-20 14:37:00,24233.25,24234.400390625,24224.75,24229.5,0.0,0.0
2026-07-20 14:38:00,24229.5,24232.650390625,24226.400390625,24231.900390625,0.0,0.0
2026-07-20 14:39:00,24231.44921875,24233.349609375,24228.19921875,24230.150390625,0.0,0.0
2026-07-20 14:40:00,24230.44921875,24236.25,24225.599609375,24236.25,0.0,0.0
2026-07-20 14:41:00,24236.25,24242.75,24235.400390625,24240.55078125,0.0,0.0
2026-07-20 14:42:00,24240.55078125,24241.69921875,24237.400390625,24239.349609375,0.0,0.0
2026-07-20 14:43:00,24239.5,24240.05078125,24233.69921875,24234.05078125,0.0,0.0
2026-07-20 14:44:00,24234.599609375,24238.099609375,24233.25,24237.099609375,0.0,0.0
2026-07-20 14:45:00,24237.099609375,24238.0,24233.099609375,24233.94921875,0.0,0.0
2026-07-20 14:46:00,24236.94921875,24241.69921875,24234.0,24240.44921875,0.0,0.0
2026-07-20 14:47:00,24240.30078125,24242.849609375,24239.349609375,24240.44921875,0.0,0.0
2026-07-20 14:48:00,24240.599609375,24243.05078125,24237.94921875,24239.30078125,0.0,0.0
2026-07-20 14:49:00,24239.25,24240.55078125,24236.900390625,24237.349609375,0.0,0.0
2026-07-20 14:50:00,24237.349609375,24241.849609375,24237.0,24241.05078125,0.0,0.0
2026-07-20 14:51:00,24240.94921875,24247.55078125,24239.94921875,24245.05078125,0.0,0.0
2026-07-20 14:52:00,24244.650390625,24248.5,24243.400390625,24248.5,0.0,0.0
2026-07-20 14:53:00,24247.69921875,24251.0,24246.099609375,24246.400390625,0.0,0.0
2026-07-20 14:54:00,24246.94921875,24248.400390625,24243.150390625,24243.94921875,0.0,0.0
2026-07-20 14:55:00,24243.650390625,24247.400390625,24241.19921875,24246.05078125,0.0,0.0
2026-07-20 14:56:00,24246.55078125,24246.80078125,24241.0,24242.349609375,0.0,0.0
2026-07-20 14:57:00,24242.55078125,24243.25,24237.900390625,24238.05078125,0.0,0.0
2026-07-20 14:58:00,24239.150390625,24242.099609375,24235.55078125,24236.099609375,0.0,0.0
2026-07-20 14:59:00,24236.94921875,24238.05078125,24230.099609375,24230.69921875,0.0,0.0
2026-07-20 15:00:00,24233.599609375,24246.5,24228.400390625,24233.349609375,0.0,0.0
2026-07-20 15:01:00,24235.650390625,24242.19921875,24233.099609375,24238.55078125,0.0,0.0
2026-07-20 15:02:00,24239.599609375,24240.44921875,24235.05078125,24235.849609375,0.0,0.0
2026-07-20 15:03:00,24237.599609375,24242.25,24232.94921875,24234.25,0.0,0.0
2026-07-20 15:04:00,24236.5,24236.75,24232.19921875,24233.44921875,0.0,0.0
2026-07-20 15:05:00,24234.94921875,24234.94921875,24229.55078125,24232.94921875,0.0,0.0
2026-07-20 15:06:00,24233.75,24236.849609375,24230.19921875,24234.25,0.0,0.0
2026-07-20 15:07:00,24235.900390625,24237.900390625,24233.599609375,24236.19921875,0.0,0.0
2026-07-20 15:08:00,24237.75,24238.150390625,24234.900390625,24237.0,0.0,0.0
2026-07-20 15:09:00,24237.900390625,24239.900390625,24234.900390625,24235.44921875,0.0,0.0
2026-07-20 15:10:00,24236.69921875,24241.75,24234.5,24241.349609375,0.0,0.0
2026-07-20 15:11:00,24243.099609375,24243.55078125,24235.0,24236.25,0.0,0.0
2026-07-20 15:12:00,24237.650390625,24240.150390625,24235.44921875,24237.0,0.0,0.0
2026-07-20 15:13:00,24238.849609375,24239.849609375,24236.55078125,24238.150390625,0.0,0.0
2026-07-20 15:14:00,24239.19921875,24239.19921875,24234.849609375,24238.150390625,0.0,0.0
2026-07-20 15:15:00,24240.150390625,24243.19921875,24238.19921875,24241.599609375,0.0,0.0
2026-07-20 15:16:00,24243.599609375,24243.599609375,24237.69921875,24239.650390625,0.0,0.0
2026-07-20 15:17:00,24239.44921875,24241.94921875,24237.650390625,24239.900390625,0.0,0.0
2026-07-20 15:18:00,24240.19921875,24240.650390625,24234.55078125,24236.25,0.0,0.0
2026-07-20 15:19:00,24237.69921875,24242.599609375,24233.349609375,24239.25,0.0,0.0
2026-07-20 15:20:00,24241.25,24241.599609375,24235.55078125,24238.94921875,0.0,0.0
2026-07-20 15:21:00,24240.94921875,24241.44921875,24234.599609375,24238.0,0.0,0.0
2026-07-20 15:22:00,24239.0,24239.0,24234.650390625,24237.150390625,0.0,0.0
2026-07-20 15:23:00,24238.05078125,24242.80078125,24236.349609375,24241.599609375,0.0,0.0
2026-07-20 15:24:00,24243.150390625,24247.05078125,24239.900390625,24245.150390625,0.0,0.0
2026-07-20 15:25:00,24246.94921875,24248.44921875,24241.599609375,24243.349609375,0.0,0.0
2026-07-20 15:26:00,24245.5,24245.650390625,24240.69921875,24243.30078125,0.0,0.0
2026-07-20 15:27:00,24244.5,24246.75,24241.849609375,24245.349609375,0.0,0.0
2026-07-20 15:28:00,24244.900390625,24246.650390625,24238.75,24243.55078125,0.0,0.0
2026-07-20 15:29:00,24241.05078125,24246.19921875,24237.849609375,24239.5,0.0,0.0
2026-07-21 09:15:00,24216.05078125,24260.25,24206.849609375,24242.75,0.0,0.0
2026-07-21 09:16:00,24242.849609375,24245.75,24227.80078125,24230.75,0.0,0.0
2026-07-21 09:17:00,24229.650390625,24243.599609375,24229.650390625,24239.0,0.0,0.0
2026-07-21 09:18:00,24239.099609375,24258.44921875,24233.55078125,24258.05078125,0.0,0.0
2026-07-21 09:19:00,24256.0,24262.19921875,24253.599609375,24255.55078125,0.0,0.0
2026-07-21 09:20:00,24255.55078125,24257.80078125,24244.5,24248.94921875,0.0,0.0
2026-07-21 09:21:00,24247.849609375,24255.900390625,24247.150390625,24255.5,0.0,0.0
2026-07-21 09:22:00,24254.900390625,24257.650390625,24247.05078125,24247.30078125,0.0,0.0
2026-07-21 09:23:00,24246.75,24251.849609375,24240.900390625,24241.0,0.0,0.0
2026-07-21 09:24:00,24240.900390625,24242.900390625,24228.400390625,24236.400390625,0.0,0.0
2026-07-21 09:25:00,24236.55078125,24237.900390625,24224.94921875,24228.75,0.0,0.0
2026-07-21 09:26:00,24229.55078125,24248.650390625,24228.599609375,24246.69921875,0.0,0.0
2026-07-21 09:27:00,24246.80078125,24255.94921875,24246.80078125,24248.80078125,0.0,0.0
2026-07-21 09:28:00,24248.150390625,24253.5,24245.55078125,24252.5,0.0,0.0
2026-07-21 09:29:00,24252.19921875,24254.900390625,24246.75,24247.400390625,0.0,0.0
2026-07-21 09:30:00,24247.75,24255.80078125,24237.44921875,24238.150390625,0.0,0.0
2026-07-21 09:31:00,24238.599609375,24241.150390625,24233.650390625,24234.19921875,0.0,0.0
2026-07-21 09:32:00,24234.80078125,24238.849609375,24230.900390625,24231.80078125,0.0,0.0
2026-07-21 09:33:00,24231.75,24233.30078125,24224.19921875,24226.900390625,0.0,0.0
2026-07-21 09:34:00,24226.650390625,24231.900390625,24226.0,24226.55078125,0.0,0.0
2026-07-21 09:35:00,24225.80078125,24228.849609375,24217.599609375,24220.5,0.0,0.0
2026-07-21 09:36:00,24219.55078125,24224.599609375,24217.349609375,24223.900390625,0.0,0.0
2026-07-21 09:37:00,24224.25,24237.150390625,24222.400390625,24234.5,0.0,0.0
2026-07-21 09:38:00,24234.44921875,24236.0,24226.94921875,24230.55078125,0.0,0.0
2026-07-21 09:39:00,24230.44921875,24230.94921875,24225.30078125,24226.099609375,0.0,0.0
2026-07-21 09:40:00,24226.05078125,24231.0,24224.849609375,24225.69921875,0.0,0.0
2026-07-21 09:41:00,24225.900390625,24232.5,24225.400390625,24231.30078125,0.0,0.0
2026-07-21 09:42:00,24231.150390625,24232.69921875,24225.05078125,24231.650390625,0.0,0.0
2026-07-21 09:43:00,24230.400390625,24232.44921875,24221.0,24223.75,0.0,0.0
2026-07-21 09:44:00,24223.25,24238.0,24222.44921875,24236.25,0.0,0.0
2026-07-21 09:45:00,24236.94921875,24237.94921875,24224.94921875,24225.5,0.0,0.0
2026-07-21 09:46:00,24225.5,24234.099609375,24222.80078125,24229.400390625,0.0,0.0
2026-07-21 09:47:00,24229.349609375,24232.5,24218.25,24219.25,0.0,0.0
2026-07-21 09:48:00,24218.55078125,24222.349609375,24217.400390625,24218.69921875,0.0,0.0
2026-07-21 09:49:00,24218.44921875,24223.150390625,24216.900390625,24222.900390625,0.0,0.0
2026-07-21 09:50:00,24222.150390625,24227.650390625,24219.650390625,24223.349609375,0.0,0.0
2026-07-21 09:51:00,24230.30078125,24234.55078125,24228.599609375,24230.400390625,0.0,0.0
2026-07-21 09:52:00,24229.900390625,24233.94921875,24226.349609375,24232.69921875,0.0,0.0
2026-07-21 09:53:00,24232.900390625,24240.900390625,24232.80078125,24236.75,0.0,0.0
2026-07-21 09:54:00,24236.099609375,24238.30078125,24226.25,24230.5,0.0,0.0
2026-07-21 09:55:00,24230.55078125,24233.599609375,24226.900390625,24228.650390625,0.0,0.0
2026-07-21 09:56:00,24229.0,24232.650390625,24225.44921875,24226.099609375,0.0,0.0
2026-07-21 09:57:00,24225.30078125,24235.900390625,24225.30078125,24232.5,0.0,0.0
2026-07-21 09:58:00,24232.25,24234.099609375,24226.80078125,24228.05078125,0.0,0.0
2026-07-21 09:59:00,24228.30078125,24231.05078125,24227.099609375,24229.94921875,0.0,0.0
2026-07-21 10:00:00,24229.400390625,24233.599609375,24229.400390625,24230.150390625,0.0,0.0
2026-07-21 10:01:00,24229.400390625,24231.349609375,24222.150390625,24222.400390625,0.0,0.0
2026-07-21 10:02:00,24223.30078125,24225.5,24218.75,24220.25,0.0,0.0
2026-07-21 10:03:00,24220.0,24223.25,24217.650390625,24222.25,0.0,0.0
2026-07-21 10:04:00,24221.69921875,24224.849609375,24218.75,24219.849609375,0.0,0.0
2026-07-21 10:05:00,24220.150390625,24223.900390625,24217.55078125,24222.30078125,0.0,0.0
2026-07-21 10:06:00,24221.94921875,24228.75,24218.849609375,24223.25,0.0,0.0
2026-07-21 10:07:00,24222.94921875,24229.849609375,24222.0,24227.44921875,0.0,0.0
2026-07-21 10:08:00,24226.5,24229.55078125,24224.150390625,24226.19921875,0.0,0.0
2026-07-21 10:09:00,24225.099609375,24228.44921875,24223.5,24226.30078125,0.0,0.0
2026-07-21 10:10:00,24226.55078125,24227.400390625,24222.55078125,24223.150390625,0.0,0.0
2026-07-21 10:11:00,24222.44921875,24225.55078125,24220.0,24220.599609375,0.0,0.0
2026-07-21 10:12:00,24220.44921875,24227.0,24219.05078125,24225.0,0.0,0.0
2026-07-21 10:13:00,24225.30078125,24227.5,24218.150390625,24218.150390625,0.0,0.0
2026-07-21 10:14:00,24218.94921875,24220.5,24211.75,24212.900390625,0.0,0.0
2026-07-21 10:15:00,24212.30078125,24214.69921875,24206.150390625,24210.25,0.0,0.0
2026-07-21 10:16:00,24210.55078125,24212.849609375,24207.05078125,24208.650390625,0.0,0.0
2026-07-21 10:17:00,24208.5,24210.349609375,24204.19921875,24205.099609375,0.0,0.0
2026-07-21 10:18:00,24204.5,24209.650390625,24202.25,24208.650390625,0.0,0.0
2026-07-21 10:19:00,24208.05078125,24209.849609375,24204.849609375,24207.44921875,0.0,0.0
2026-07-21 10:20:00,24207.349609375,24208.900390625,24203.94921875,24205.099609375,0.0,0.0
2026-07-21 10:21:00,24205.44921875,24207.80078125,24203.30078125,24204.94921875,0.0,0.0
2026-07-21 10:22:00,24205.19921875,24206.900390625,24194.25,24194.25,0.0,0.0
2026-07-21 10:23:00,24194.25,24196.400390625,24190.099609375,24193.44921875,0.0,0.0
2026-07-21 10:24:00,24192.900390625,24195.05078125,24188.19921875,24192.400390625,0.0,0.0
2026-07-21 10:25:00,24192.400390625,24199.900390625,24192.05078125,24198.099609375,0.0,0.0
2026-07-21 10:26:00,24197.900390625,24200.05078125,24190.849609375,24192.05078125,0.0,0.0
2026-07-21 10:27:00,24191.80078125,24192.349609375,24186.650390625,24187.650390625,0.0,0.0
2026-07-21 10:28:00,24188.05078125,24196.05078125,24187.599609375,24195.80078125,0.0,0.0
2026-07-21 10:29:00,24195.099609375,24201.099609375,24193.900390625,24199.5,0.0,0.0
2026-07-21 10:30:00,24199.599609375,24202.400390625,24196.0,24200.0,0.0,0.0
2026-07-21 10:31:00,24200.0,24201.5,24195.099609375,24197.5,0.0,0.0
2026-07-21 10:32:00,24197.05078125,24199.44921875,24194.349609375,24194.69921875,0.0,0.0
2026-07-21 10:33:00,24194.75,24195.80078125,24189.650390625,24189.650390625,0.0,0.0
2026-07-21 10:34:00,24189.19921875,24190.849609375,24185.599609375,24187.05078125,0.0,0.0
2026-07-21 10:35:00,24187.30078125,24192.69921875,24185.5,24191.25,0.0,0.0
2026-07-21 10:36:00,24191.400390625,24192.19921875,24188.599609375,24188.80078125,0.0,0.0
2026-07-21 10:37:00,24188.19921875,24191.150390625,24188.0,24189.94921875,0.0,0.0
2026-07-21 10:38:00,24190.25,24192.30078125,24178.44921875,24179.44921875,0.0,0.0
2026-07-21 10:39:00,24179.849609375,24180.849609375,24174.400390625,24176.900390625,0.0,0.0
2026-07-21 10:40:00,24176.900390625,24182.69921875,24175.05078125,24182.400390625,0.0,0.0
2026-07-21 10:41:00,24181.400390625,24185.25,24179.19921875,24180.69921875,0.0,0.0
2026-07-21 10:42:00,24180.80078125,24186.5,24180.25,24184.94921875,0.0,0.0
2026-07-21 10:43:00,24184.900390625,24187.75,24183.849609375,24187.75,0.0,0.0
2026-07-21 10:44:00,24187.94921875,24192.150390625,24186.30078125,24188.94921875,0.0,0.0
2026-07-21 10:45:00,24187.80078125,24189.05078125,24180.44921875,24181.599609375,0.0,0.0
2026-07-21 10:46:00,24181.55078125,24184.599609375,24180.099609375,24182.55078125,0.0,0.0
2026-07-21 10:47:00,24182.099609375,24184.30078125,24178.900390625,24179.55078125,0.0,0.0
2026-07-21 10:48:00,24179.44921875,24181.69921875,24177.5,24178.900390625,0.0,0.0
2026-07-21 10:49:00,24178.94921875,24180.400390625,24173.80078125,24176.849609375,0.0,0.0
2026-07-21 10:50:00,24176.900390625,24178.44921875,24169.55078125,24169.55078125,0.0,0.0
2026-07-21 10:51:00,24170.349609375,24171.349609375,24165.900390625,24166.69921875,0.0,0.0
2026-07-21 10:52:00,24166.30078125,24169.55078125,24163.900390625,24166.55078125,0.0,0.0
2026-07-21 10:53:00,24166.75,24171.30078125,24165.650390625,24170.25,0.0,0.0
2026-07-21 10:54:00,24170.75,24171.80078125,24166.0,24168.099609375,0.0,0.0
2026-07-21 10:55:00,24169.0,24176.19921875,24166.849609375,24176.150390625,0.0,0.0
2026-07-21 10:56:00,24175.650390625,24186.44921875,24175.650390625,24184.099609375,0.0,0.0
2026-07-21 10:57:00,24184.400390625,24186.19921875,24180.44921875,24183.25,0.0,0.0
2026-07-21 10:58:00,24183.099609375,24186.849609375,24182.599609375,24182.849609375,0.0,0.0
2026-07-21 10:59:00,24182.55078125,24186.349609375,24182.55078125,24185.099609375,0.0,0.0
2026-07-21 11:00:00,24185.150390625,24187.099609375,24181.599609375,24183.25,0.0,0.0
2026-07-21 11:01:00,24183.650390625,24189.599609375,24182.94921875,24187.69921875,0.0,0.0
2026-07-21 11:02:00,24187.30078125,24190.349609375,24185.05078125,24187.599609375,0.0,0.0
2026-07-21 11:03:00,24186.30078125,24194.650390625,24186.30078125,24191.69921875,0.0,0.0
2026-07-21 11:04:00,24191.650390625,24193.599609375,24188.25,24191.0,0.0,0.0
2026-07-21 11:05:00,24190.849609375,24192.650390625,24186.650390625,24189.75,0.0,0.0
2026-07-21 11:06:00,24189.25,24193.94921875,24189.25,24192.94921875,0.0,0.0
2026-07-21 11:07:00,24193.099609375,24196.599609375,24191.5,24191.900390625,0.0,0.0
2026-07-21 11:08:00,24192.0,24193.599609375,24188.55078125,24188.650390625,0.0,0.0
2026-07-21 11:09:00,24188.5,24189.5,24180.75,24182.0,0.0,0.0
2026-07-21 11:10:00,24181.5,24191.25,24180.94921875,24190.19921875,0.0,0.0
2026-07-21 11:11:00,24190.19921875,24192.19921875,24187.0,24187.69921875,0.0,0.0
2026-07-21 11:12:00,24188.30078125,24189.30078125,24182.650390625,24183.69921875,0.0,0.0
2026-07-21 11:13:00,24182.900390625,24185.650390625,24182.400390625,24184.69921875,0.0,0.0
2026-07-21 11:14:00,24184.400390625,24187.150390625,24183.69921875,24186.400390625,0.0,0.0
2026-07-21 11:15:00,24186.5,24188.69921875,24184.349609375,24184.599609375,0.0,0.0
2026-07-21 11:16:00,24184.44921875,24185.69921875,24179.599609375,24180.94921875,0.0,0.0
2026-07-21 11:17:00,24180.599609375,24182.55078125,24177.05078125,24181.69921875,0.0,0.0
2026-07-21 11:18:00,24181.44921875,24185.30078125,24179.5,24183.599609375,0.0,0.0
2026-07-21 11:19:00,24183.400390625,24185.19921875,24181.25,24184.05078125,0.0,0.0
2026-07-21 11:20:00,24184.05078125,24185.650390625,24181.849609375,24182.099609375,0.0,0.0
2026-07-21 11:21:00,24182.55078125,24184.05078125,24175.69921875,24177.0,0.0,0.0
2026-07-21 11:22:00,24176.900390625,24178.44921875,24171.400390625,24171.69921875,0.0,0.0
2026-07-21 11:23:00,24171.55078125,24174.150390625,24166.650390625,24173.80078125,0.0,0.0
2026-07-21 11:24:00,24173.80078125,24178.25,24173.75,24175.05078125,0.0,0.0
2026-07-21 11:25:00,24175.150390625,24181.099609375,24175.150390625,24179.69921875,0.0,0.0
2026-07-21 11:26:00,24179.75,24182.0,24175.150390625,24176.0,0.0,0.0
2026-07-21 11:27:00,24176.099609375,24177.94921875,24172.19921875,24172.599609375,0.0,0.0
2026-07-21 11:28:00,24172.80078125,24174.94921875,24170.5,24173.19921875,0.0,0.0
2026-07-21 11:29:00,24173.80078125,24175.30078125,24170.599609375,24173.30078125,0.0,0.0
2026-07-21 11:30:00,24173.05078125,24175.55078125,24170.30078125,24173.400390625,0.0,0.0
2026-07-21 11:31:00,24173.30078125,24178.900390625,24172.400390625,24177.05078125,0.0,0.0
2026-07-21 11:32:00,24177.19921875,24181.44921875,24175.900390625,24181.25,0.0,0.0
2026-07-21 11:33:00,24181.69921875,24185.19921875,24179.80078125,24185.0,0.0,0.0
2026-07-21 11:34:00,24185.099609375,24187.099609375,24182.80078125,24184.0,0.0,0.0
2026-07-21 11:35:00,24184.150390625,24188.099609375,24182.94921875,24184.5,0.0,0.0
2026-07-21 11:36:00,24184.94921875,24187.0,24181.69921875,24182.150390625,0.0,0.0
2026-07-21 11:37:00,24181.69921875,24184.0,24168.80078125,24171.55078125,0.0,0.0
2026-07-21 11:38:00,24172.099609375,24175.69921875,24169.650390625,24174.349609375,0.0,0.0
2026-07-21 11:39:00,24174.400390625,24176.150390625,24169.849609375,24171.44921875,0.0,0.0
2026-07-21 11:40:00,24172.30078125,24173.650390625,24162.650390625,24166.69921875,0.0,0.0
2026-07-21 11:41:00,24165.900390625,24169.099609375,24164.55078125,24168.650390625,0.0,0.0
2026-07-21 11:42:00,24168.5,24169.849609375,24162.099609375,24164.900390625,0.0,0.0
2026-07-21 11:43:00,24165.30078125,24167.05078125,24159.650390625,24160.900390625,0.0,0.0
2026-07-21 11:44:00,24160.75,24164.400390625,24159.94921875,24161.25,0.0,0.0
2026-07-21 11:45:00,24161.650390625,24162.75,24158.400390625,24159.150390625,0.0,0.0
2026-07-21 11:46:00,24159.30078125,24166.44921875,24158.349609375,24165.599609375,0.0,0.0
2026-07-21 11:47:00,24165.650390625,24169.5,24163.849609375,24163.94921875,0.0,0.0
2026-07-21 11:48:00,24163.849609375,24166.650390625,24161.900390625,24164.75,0.0,0.0
2026-07-21 11:49:00,24164.75,24167.650390625,24163.599609375,24164.69921875,0.0,0.0
2026-07-21 11:50:00,24164.44921875,24168.900390625,24164.150390625,24168.19921875,0.0,0.0
2026-07-21 11:51:00,24168.25,24169.25,24164.150390625,24164.150390625,0.0,0.0
2026-07-21 11:52:00,24163.80078125,24165.900390625,24162.099609375,24162.599609375,0.0,0.0
2026-07-21 11:53:00,24162.44921875,24165.5,24162.150390625,24162.849609375,0.0,0.0
2026-07-21 11:54:00,24162.69921875,24167.05078125,24162.599609375,24164.19921875,0.0,0.0
2026-07-21 11:55:00,24164.44921875,24171.05078125,24162.44921875,24170.80078125,0.0,0.0
2026-07-21 11:56:00,24170.900390625,24173.30078125,24169.599609375,24171.05078125,0.0,0.0
2026-07-21 11:57:00,24171.0,24173.5,24169.650390625,24172.5,0.0,0.0
2026-07-21 11:58:00,24172.55078125,24175.19921875,24170.650390625,24172.349609375,0.0,0.0
2026-07-21 11:59:00,24171.80078125,24173.94921875,24169.099609375,24169.849609375,0.0,0.0
2026-07-21 12:00:00,24169.30078125,24173.5,24169.30078125,24171.349609375,0.0,0.0
2026-07-21 12:01:00,24171.55078125,24175.25,24168.44921875,24174.75,0.0,0.0
2026-07-21 12:02:00,24173.55078125,24178.599609375,24173.150390625,24176.650390625,0.0,0.0
2026-07-21 12:03:00,24176.650390625,24180.30078125,24175.19921875,24178.0,0.0,0.0
2026-07-21 12:04:00,24178.30078125,24181.900390625,24175.69921875,24181.05078125,0.0,0.0
2026-07-21 12:05:00,24181.5,24183.69921875,24178.75,24182.0,0.0,0.0
2026-07-21 12:06:00,24182.099609375,24183.44921875,24179.75,24182.099609375,0.0,0.0
2026-07-21 12:07:00,24181.94921875,24183.25,24179.099609375,24180.19921875,0.0,0.0
2026-07-21 12:08:00,24180.25,24183.099609375,24175.099609375,24176.30078125,0.0,0.0
2026-07-21 12:09:00,24176.25,24178.400390625,24173.900390625,24174.94921875,0.0,0.0
2026-07-21 12:10:00,24174.80078125,24180.19921875,24174.80078125,24177.55078125,0.0,0.0
2026-07-21 12:11:00,24177.400390625,24180.599609375,24177.400390625,24177.900390625,0.0,0.0
2026-07-21 12:12:00,24177.69921875,24179.849609375,24175.30078125,24176.05078125,0.0,0.0
2026-07-21 12:13:00,24176.25,24178.25,24172.650390625,24172.80078125,0.0,0.0
2026-07-21 12:14:00,24172.69921875,24175.19921875,24172.150390625,24173.099609375,0.0,0.0
2026-07-21 12:15:00,24173.650390625,24176.55078125,24172.55078125,24173.75,0.0,0.0
2026-07-21 12:16:00,24172.849609375,24177.849609375,24172.849609375,24174.099609375,0.0,0.0
2026-07-21 12:17:00,24174.099609375,24175.150390625,24170.849609375,24172.75,0.0,0.0
2026-07-21 12:18:00,24172.30078125,24174.55078125,24170.75,24172.25,0.0,0.0
2026-07-21 12:19:00,24172.44921875,24173.75,24170.75,24172.05078125,0.0,0.0
2026-07-21 12:20:00,24171.94921875,24177.69921875,24171.75,24177.69921875,0.0,0.0
2026-07-21 12:21:00,24177.650390625,24179.75,24175.849609375,24178.80078125,0.0,0.0
2026-07-21 12:22:00,24178.5,24180.30078125,24176.75,24178.55078125,0.0,0.0
2026-07-21 12:23:00,24178.599609375,24182.69921875,24176.69921875,24182.30078125,0.0,0.0
2026-07-21 12:24:00,24182.05078125,24182.349609375,24169.849609375,24173.400390625,0.0,0.0
2026-07-21 12:25:00,24173.349609375,24177.75,24173.0,24175.25,0.0,0.0
2026-07-21 12:26:00,24175.55078125,24178.55078125,24173.849609375,24177.30078125,0.0,0.0
2026-07-21 12:27:00,24176.900390625,24179.25,24173.75,24174.30078125,0.0,0.0
2026-07-21 12:28:00,24174.599609375,24175.849609375,24171.0,24171.650390625,0.0,0.0
2026-07-21 12:29:00,24172.400390625,24174.150390625,24170.44921875,24172.099609375,0.0,0.0
2026-07-21 12:30:00,24171.94921875,24178.30078125,24169.80078125,24176.400390625,0.0,0.0
2026-07-21 12:31:00,24176.650390625,24178.099609375,24172.30078125,24174.05078125,0.0,0.0
2026-07-21 12:32:00,24173.599609375,24179.650390625,24172.650390625,24178.25,0.0,0.0
2026-07-21 12:33:00,24178.69921875,24184.849609375,24174.0,24184.69921875,0.0,0.0
2026-07-21 12:34:00,24184.900390625,24186.400390625,24179.599609375,24181.80078125,0.0,0.0
2026-07-21 12:35:00,24180.80078125,24183.30078125,24178.5,24182.400390625,0.0,0.0
2026-07-21 12:36:00,24182.599609375,24185.30078125,24180.099609375,24182.900390625,0.0,0.0
2026-07-21 12:37:00,24182.94921875,24188.150390625,24182.80078125,24186.150390625,0.0,0.0
2026-07-21 12:38:00,24186.150390625,24189.69921875,24184.69921875,24189.25,0.0,0.0
2026-07-21 12:39:00,24189.30078125,24190.5,24179.099609375,24179.099609375,0.0,0.0
2026-07-21 12:40:00,24179.0,24181.19921875,24176.94921875,24177.150390625,0.0,0.0
2026-07-21 12:41:00,24177.5,24179.5,24176.099609375,24178.349609375,0.0,0.0
2026-07-21 12:42:00,24178.150390625,24179.349609375,24167.69921875,24172.099609375,0.0,0.0
2026-07-21 12:43:00,24172.150390625,24177.30078125,24171.05078125,24175.099609375,0.0,0.0
2026-07-21 12:44:00,24175.349609375,24177.150390625,24168.650390625,24172.55078125,0.0,0.0
2026-07-21 12:45:00,24172.80078125,24177.30078125,24171.650390625,24174.400390625,0.0,0.0
2026-07-21 12:46:00,24174.650390625,24176.44921875,24172.900390625,24173.349609375,0.0,0.0
2026-07-21 12:47:00,24173.80078125,24175.150390625,24169.75,24172.75,0.0,0.0
2026-07-21 12:48:00,24172.69921875,24173.69921875,24168.650390625,24171.599609375,0.0,0.0
2026-07-21 12:49:00,24172.30078125,24174.650390625,24170.0,24173.75,0.0,0.0
2026-07-21 12:50:00,24174.150390625,24174.650390625,24170.400390625,24172.30078125,0.0,0.0
2026-07-21 12:51:00,24171.849609375,24174.099609375,24166.94921875,24167.25,0.0,0.0
2026-07-21 12:52:00,24167.900390625,24169.349609375,24164.69921875,24166.150390625,0.0,0.0
2026-07-21 12:53:00,24166.099609375,24168.099609375,24163.69921875,24166.0,0.0,0.0
2026-07-21 12:54:00,24166.099609375,24171.19921875,24165.30078125,24169.30078125,0.0,0.0
2026-07-21 12:55:00,24169.099609375,24172.80078125,24168.44921875,24168.55078125,0.0,0.0
2026-07-21 12:56:00,24168.44921875,24170.94921875,24166.69921875,24168.25,0.0,0.0
2026-07-21 12:57:00,24168.05078125,24169.69921875,24163.849609375,24164.599609375,0.0,0.0
2026-07-21 12:58:00,24164.55078125,24166.599609375,24155.0,24155.099609375,0.0,0.0
2026-07-21 12:59:00,24155.599609375,24157.349609375,24148.900390625,24151.69921875,0.0,0.0
2026-07-21 13:00:00,24151.05078125,24153.25,24139.25,24139.5,0.0,0.0
2026-07-21 13:01:00,24139.400390625,24146.400390625,24135.900390625,24146.25,0.0,0.0
2026-07-21 13:02:00,24145.75,24152.099609375,24145.75,24148.599609375,0.0,0.0
2026-07-21 13:03:00,24148.0,24149.599609375,24143.44921875,24143.44921875,0.0,0.0
2026-07-21 13:04:00,24143.44921875,24145.19921875,24140.69921875,24142.25,0.0,0.0
2026-07-21 13:05:00,24142.0,24147.900390625,24139.349609375,24145.94921875,0.0,0.0
2026-07-21 13:06:00,24145.55078125,24151.599609375,24144.849609375,24149.0,0.0,0.0
2026-07-21 13:07:00,24148.55078125,24150.599609375,24145.44921875,24145.44921875,0.0,0.0
2026-07-21 13:08:00,24145.80078125,24149.400390625,24144.44921875,24147.69921875,0.0,0.0
2026-07-21 13:09:00,24148.25,24153.400390625,24147.099609375,24151.5,0.0,0.0
2026-07-21 13:10:00,24152.44921875,24159.099609375,24151.349609375,24153.55078125,0.0,0.0
2026-07-21 13:11:00,24154.55078125,24158.349609375,24151.75,24155.75,0.0,0.0
2026-07-21 13:12:00,24156.400390625,24158.099609375,24150.55078125,24154.650390625,0.0,0.0
2026-07-21 13:13:00,24153.849609375,24156.05078125,24149.55078125,24154.19921875,0.0,0.0
2026-07-21 13:14:00,24153.650390625,24156.900390625,24150.849609375,24151.75,0.0,0.0
2026-07-21 13:15:00,24151.55078125,24153.69921875,24148.69921875,24149.150390625,0.0,0.0
2026-07-21 13:16:00,24149.099609375,24152.80078125,24148.400390625,24149.69921875,0.0,0.0
2026-07-21 13:17:00,24149.75,24152.69921875,24149.349609375,24150.44921875,0.0,0.0
2026-07-21 13:18:00,24150.349609375,24156.0,24149.55078125,24155.25,0.0,0.0
2026-07-21 13:19:00,24154.80078125,24156.44921875,24152.44921875,24154.19921875,0.0,0.0
2026-07-21 13:20:00,24153.5,24158.80078125,24152.75,24156.900390625,0.0,0.0
2026-07-21 13:21:00,24157.599609375,24160.099609375,24155.75,24158.0,0.0,0.0
2026-07-21 13:22:00,24158.099609375,24164.099609375,24157.349609375,24163.75,0.0,0.0
2026-07-21 13:23:00,24163.69921875,24169.400390625,24163.44921875,24166.150390625,0.0,0.0
2026-07-21 13:24:00,24165.5,24167.5,24164.650390625,24165.80078125,0.0,0.0
2026-07-21 13:25:00,24165.5,24170.75,24163.94921875,24169.30078125,0.0,0.0
2026-07-21 13:26:00,24168.900390625,24172.150390625,24167.599609375,24168.69921875,0.0,0.0
2026-07-21 13:27:00,24168.44921875,24173.30078125,24166.849609375,24173.150390625,0.0,0.0
2026-07-21 13:28:00,24172.69921875,24174.099609375,24169.69921875,24171.150390625,0.0,0.0
2026-07-21 13:29:00,24171.099609375,24172.19921875,24166.349609375,24172.099609375,0.0,0.0
2026-07-21 13:30:00,24171.849609375,24175.44921875,24170.44921875,24170.44921875,0.0,0.0
2026-07-21 13:31:00,24170.5,24175.5,24170.5,24173.900390625,0.0,0.0
2026-07-21 13:32:00,24173.75,24176.30078125,24173.0,24174.650390625,0.0,0.0
2026-07-21 13:33:00,24174.55078125,24180.650390625,24174.55078125,24177.55078125,0.0,0.0
2026-07-21 13:34:00,24176.650390625,24181.400390625,24175.900390625,24180.75,0.0,0.0
2026-07-21 13:35:00,24180.69921875,24185.19921875,24180.69921875,24183.69921875,0.0,0.0
2026-07-21 13:36:00,24183.349609375,24187.849609375,24183.349609375,24186.19921875,0.0,0.0
2026-07-21 13:37:00,24186.5,24189.19921875,24186.05078125,24187.69921875,0.0,0.0
2026-07-21 13:38:00,24188.05078125,24190.25,24186.400390625,24188.599609375,0.0,0.0
2026-07-21 13:39:00,24189.099609375,24191.44921875,24187.05078125,24189.55078125,0.0,0.0
2026-07-21 13:40:00,24190.099609375,24194.44921875,24190.099609375,24192.44921875,0.0,0.0
2026-07-21 13:41:00,24192.5,24195.30078125,24190.650390625,24192.0,0.0,0.0
2026-07-21 13:42:00,24192.099609375,24193.80078125,24185.05078125,24185.599609375,0.0,0.0
2026-07-21 13:43:00,24185.650390625,24188.75,24183.69921875,24186.05078125,0.0,0.0
2026-07-21 13:44:00,24186.400390625,24192.349609375,24186.25,24190.5,0.0,0.0
2026-07-21 13:45:00,24190.44921875,24192.5,24185.69921875,24188.099609375,0.0,0.0
2026-07-21 13:46:00,24188.150390625,24191.55078125,24186.55078125,24187.599609375,0.0,0.0
2026-07-21 13:47:00,24187.150390625,24188.5,24183.099609375,24183.599609375,0.0,0.0
2026-07-21 13:48:00,24183.400390625,24188.94921875,24179.75,24180.849609375,0.0,0.0
2026-07-21 13:49:00,24180.599609375,24188.05078125,24176.19921875,24185.75,0.0,0.0
2026-07-21 13:50:00,24188.19921875,24192.099609375,24183.400390625,24183.80078125,0.0,0.0
2026-07-21 13:51:00,24183.55078125,24184.5,24177.80078125,24181.19921875,0.0,0.0
2026-07-21 13:52:00,24181.19921875,24183.900390625,24180.599609375,24181.25,0.0,0.0
2026-07-21 13:53:00,24181.349609375,24184.150390625,24180.44921875,24180.900390625,0.0,0.0
2026-07-21 13:54:00,24180.75,24184.75,24179.75,24179.80078125,0.0,0.0
2026-07-21 13:55:00,24179.75,24181.30078125,24168.0,24168.69921875,0.0,0.0
2026-07-21 13:56:00,24168.650390625,24170.05078125,24163.44921875,24164.19921875,0.0,0.0
2026-07-21 13:57:00,24163.849609375,24165.099609375,24161.30078125,24162.599609375,0.0,0.0
2026-07-21 13:58:00,24162.80078125,24166.25,24161.94921875,24163.400390625,0.0,0.0
2026-07-21 13:59:00,24163.349609375,24164.05078125,24158.44921875,24163.44921875,0.0,0.0
2026-07-21 14:00:00,24163.25,24174.44921875,24163.05078125,24173.44921875,0.0,0.0
2026-07-21 14:01:00,24173.19921875,24175.94921875,24170.5,24170.5,0.0,0.0
2026-07-21 14:02:00,24170.599609375,24175.099609375,24170.599609375,24174.400390625,0.0,0.0
2026-07-21 14:03:00,24174.5,24178.05078125,24174.25,24174.349609375,0.0,0.0
2026-07-21 14:04:00,24173.849609375,24176.900390625,24173.400390625,24175.599609375,0.0,0.0
2026-07-21 14:05:00,24175.0,24182.05078125,24175.0,24179.0,0.0,0.0
2026-07-21 14:06:00,24178.650390625,24180.19921875,24176.94921875,24177.30078125,0.0,0.0
2026-07-21 14:07:00,24177.349609375,24180.599609375,24176.55078125,24176.69921875,0.0,0.0
2026-07-21 14:08:00,24176.150390625,24177.849609375,24168.099609375,24168.099609375,0.0,0.0
2026-07-21 14:09:00,24167.900390625,24169.44921875,24163.80078125,24166.94921875,0.0,0.0
2026-07-21 14:10:00,24166.75,24168.69921875,24165.400390625,24167.650390625,0.0,0.0
2026-07-21 14:11:00,24167.55078125,24168.150390625,24161.099609375,24161.75,0.0,0.0
2026-07-21 14:12:00,24161.55078125,24170.599609375,24161.55078125,24168.05078125,0.0,0.0
2026-07-21 14:13:00,24168.099609375,24169.75,24163.099609375,24163.80078125,0.0,0.0
2026-07-21 14:14:00,24163.55078125,24165.5,24161.900390625,24164.05078125,0.0,0.0
2026-07-21 14:15:00,24163.25,24170.55078125,24163.25,24169.55078125,0.0,0.0
2026-07-21 14:16:00,24169.25,24170.80078125,24161.69921875,24161.69921875,0.0,0.0
2026-07-21 14:17:00,24163.69921875,24163.69921875,24154.30078125,24163.5,0.0,0.0
2026-07-21 14:18:00,24162.900390625,24169.150390625,24158.150390625,24161.05078125,0.0,0.0
2026-07-21 14:19:00,24160.5,24179.25,24160.150390625,24176.25,0.0,0.0
2026-07-21 14:20:00,24178.150390625,24179.30078125,24168.400390625,24173.150390625,0.0,0.0
2026-07-21 14:21:00,24174.650390625,24175.599609375,24167.150390625,24168.099609375,0.0,0.0
2026-07-21 14:22:00,24168.150390625,24175.44921875,24168.150390625,24172.900390625,0.0,0.0
2026-07-21 14:23:00,24173.30078125,24177.75,24171.55078125,24175.400390625,0.0,0.0
2026-07-21 14:24:00,24175.25,24177.69921875,24170.94921875,24175.05078125,0.0,0.0
2026-07-21 14:25:00,24174.55078125,24176.400390625,24171.650390625,24173.599609375,0.0,0.0
2026-07-21 14:26:00,24173.75,24177.849609375,24170.400390625,24171.099609375,0.0,0.0
2026-07-21 14:27:00,24171.150390625,24177.19921875,24171.150390625,24176.69921875,0.0,0.0
2026-07-21 14:28:00,24176.69921875,24180.5,24174.150390625,24174.44921875,0.0,0.0
2026-07-21 14:29:00,24174.650390625,24176.0,24168.75,24168.849609375,0.0,0.0
2026-07-21 14:30:00,24167.94921875,24170.25,24161.849609375,24165.75,0.0,0.0
2026-07-21 14:31:00,24165.80078125,24174.55078125,24163.150390625,24174.30078125,0.0,0.0
2026-07-21 14:32:00,24175.099609375,24175.599609375,24170.400390625,24170.5,0.0,0.0
2026-07-21 14:33:00,24170.650390625,24172.94921875,24166.94921875,24167.80078125,0.0,0.0
2026-07-21 14:34:00,24167.44921875,24169.849609375,24166.0,24166.75,0.0,0.0
2026-07-21 14:35:00,24167.150390625,24176.30078125,24167.150390625,24173.349609375,0.0,0.0
2026-07-21 14:36:00,24173.75,24175.55078125,24156.349609375,24157.0,0.0,0.0
2026-07-21 14:37:00,24157.25,24163.650390625,24156.05078125,24160.5,0.0,0.0
2026-07-21 14:38:00,24159.80078125,24162.650390625,24158.75,24160.599609375,0.0,0.0
2026-07-21 14:39:00,24160.25,24161.94921875,24158.099609375,24159.44921875,0.0,0.0
2026-07-21 14:40:00,24159.599609375,24165.5,24159.599609375,24162.150390625,0.0,0.0
2026-07-21 14:41:00,24162.75,24166.94921875,24161.94921875,24166.099609375,0.0,0.0
2026-07-21 14:42:00,24165.900390625,24169.0,24165.599609375,24167.55078125,0.0,0.0
2026-07-21 14:43:00,24167.75,24171.849609375,24167.69921875,24171.0,0.0,0.0
2026-07-21 14:44:00,24171.0,24173.0,24170.099609375,24172.69921875,0.0,0.0
2026-07-21 14:45:00,24173.0,24175.30078125,24171.55078125,24173.349609375,0.0,0.0
2026-07-21 14:46:00,24173.400390625,24176.25,24172.400390625,24173.30078125,0.0,0.0
2026-07-21 14:47:00,24172.69921875,24174.25,24165.849609375,24166.900390625,0.0,0.0
2026-07-21 14:48:00,24166.19921875,24182.900390625,24165.900390625,24180.400390625,0.0,0.0
2026-07-21 14:49:00,24182.55078125,24185.05078125,24179.849609375,24184.599609375,0.0,0.0
2026-07-21 14:50:00,24184.75,24186.5,24172.19921875,24173.150390625,0.0,0.0
2026-07-21 14:51:00,24173.25,24175.0,24171.5,24173.0,0.0,0.0
2026-07-21 14:52:00,24173.400390625,24173.400390625,24164.849609375,24165.5,0.0,0.0
2026-07-21 14:53:00,24165.44921875,24180.55078125,24164.849609375,24178.05078125,0.0,0.0
2026-07-21 14:54:00,24178.099609375,24182.150390625,24176.94921875,24180.650390625,0.0,0.0
2026-07-21 14:55:00,24180.5,24181.75,24174.599609375,24178.900390625,0.0,0.0
2026-07-21 14:56:00,24178.400390625,24192.150390625,24176.75,24190.5,0.0,0.0
2026-07-21 14:57:00,24190.900390625,24191.55078125,24185.900390625,24190.349609375,0.0,0.0
2026-07-21 14:58:00,24190.69921875,24192.19921875,24185.150390625,24186.400390625,0.0,0.0
2026-07-21 14:59:00,24185.55078125,24192.75,24181.05078125,24182.349609375,0.0,0.0
2026-07-21 15:00:00,24182.099609375,24197.05078125,24180.75,24196.349609375,0.0,0.0
2026-07-21 15:01:00,24196.30078125,24197.19921875,24186.80078125,24188.849609375,0.0,0.0
2026-07-21 15:02:00,24188.55078125,24194.349609375,24188.19921875,24193.19921875,0.0,0.0
2026-07-21 15:03:00,24193.25,24195.650390625,24188.849609375,24191.0,0.0,0.0
2026-07-21 15:04:00,24191.150390625,24191.150390625,24181.400390625,24181.75,0.0,0.0
2026-07-21 15:05:00,24181.650390625,24190.05078125,24181.5,24189.349609375,0.0,0.0
2026-07-21 15:06:00,24189.599609375,24192.05078125,24187.099609375,24188.44921875,0.0,0.0
2026-07-21 15:07:00,24188.599609375,24194.599609375,24184.650390625,24193.44921875,0.0,0.0
2026-07-21 15:08:00,24193.349609375,24195.5,24189.099609375,24189.19921875,0.0,0.0
2026-07-21 15:09:00,24188.75,24190.75,24183.900390625,24185.099609375,0.0,0.0
2026-07-21 15:10:00,24185.75,24185.900390625,24180.099609375,24181.0,0.0,0.0
2026-07-21 15:11:00,24180.94921875,24185.80078125,24180.05078125,24184.650390625,0.0,0.0
2026-07-21 15:12:00,24184.30078125,24187.30078125,24183.400390625,24186.099609375,0.0,0.0
2026-07-21 15:13:00,24186.19921875,24188.25,24181.94921875,24181.94921875,0.0,0.0
2026-07-21 15:14:00,24182.05078125,24185.05078125,24180.80078125,24183.849609375,0.0,0.0
2026-07-21 15:15:00,24184.099609375,24186.30078125,24182.94921875,24184.19921875,0.0,0.0
2026-07-21 15:16:00,24183.849609375,24186.94921875,24182.099609375,24185.75,0.0,0.0
2026-07-21 15:17:00,24186.19921875,24190.0,24185.80078125,24189.349609375,0.0,0.0
2026-07-21 15:18:00,24189.30078125,24191.5,24185.599609375,24189.44921875,0.0,0.0
2026-07-21 15:19:00,24188.69921875,24192.69921875,24184.849609375,24185.80078125,0.0,0.0
2026-07-21 15:20:00,24185.849609375,24187.900390625,24183.150390625,24186.349609375,0.0,0.0
2026-07-21 15:21:00,24186.75,24188.849609375,24184.650390625,24187.599609375,0.0,0.0
2026-07-21 15:22:00,24187.69921875,24191.05078125,24187.25,24188.5,0.0,0.0
2026-07-21 15:23:00,24188.80078125,24191.05078125,24187.099609375,24188.849609375,0.0,0.0
2026-07-21 15:24:00,24188.55078125,24190.150390625,24184.849609375,24188.25,0.0,0.0
2026-07-21 15:25:00,24188.55078125,24190.19921875,24183.55078125,24185.849609375,0.0,0.0
2026-07-21 15:26:00,24186.400390625,24190.75,24184.099609375,24184.400390625,0.0,0.0
2026-07-21 15:27:00,24185.55078125,24192.05078125,24183.900390625,24190.099609375,0.0,0.0
2026-07-21 15:28:00,24190.349609375,24196.150390625,24188.349609375,24191.44921875,0.0,0.0
2026-07-21 15:29:00,24192.099609375,24196.150390625,24185.19921875,24193.94921875,0.0,0.0
2026-07-22 09:15:00,24146.900390625,24164.650390625,24091.5,24093.19921875,0.0,0.0
2026-07-22 09:16:00,24096.25,24100.599609375,24078.05078125,24086.30078125,0.0,0.0
2026-07-22 09:17:00,24088.099609375,24090.849609375,24077.099609375,24083.849609375,0.0,0.0
2026-07-22 09:18:00,24084.44921875,24090.80078125,24078.0,24089.599609375,0.0,0.0
2026-07-22 09:19:00,24091.650390625,24098.650390625,24089.099609375,24094.099609375,0.0,0.0
2026-07-22 09:20:00,24096.599609375,24105.19921875,24091.150390625,24104.400390625,0.0,0.0
2026-07-22 09:21:00,24105.44921875,24111.349609375,24089.75,24091.55078125,0.0,0.0
2026-07-22 09:22:00,24093.650390625,24096.900390625,24087.55078125,24093.0,0.0,0.0
2026-07-22 09:23:00,24095.44921875,24099.69921875,24090.0,24090.19921875,0.0,0.0
2026-07-22 09:24:00,24092.5,24096.55078125,24089.349609375,24095.349609375,0.0,0.0
2026-07-22 09:25:00,24097.19921875,24097.19921875,24090.150390625,24092.0,0.0,0.0
2026-07-22 09:26:00,24094.0,24094.599609375,24076.5,24076.5,0.0,0.0
2026-07-22 09:27:00,24078.599609375,24078.599609375,24066.30078125,24068.400390625,0.0,0.0
2026-07-22 09:28:00,24071.69921875,24071.849609375,24056.69921875,24058.650390625,0.0,0.0
2026-07-22 09:29:00,24060.650390625,24060.650390625,24047.150390625,24048.900390625,0.0,0.0
2026-07-22 09:30:00,24051.0,24058.05078125,24047.349609375,24051.44921875,0.0,0.0
2026-07-22 09:31:00,24053.099609375,24053.900390625,24032.55078125,24032.55078125,0.0,0.0
2026-07-22 09:32:00,24035.0,24036.05078125,24022.19921875,24035.44921875,0.0,0.0
2026-07-22 09:33:00,24035.75,24036.94921875,24027.400390625,24030.900390625,0.0,0.0
2026-07-22 09:34:00,24032.400390625,24033.25,24023.69921875,24024.25,0.0,0.0
2026-07-22 09:35:00,24026.25,24026.650390625,24017.849609375,24021.44921875,0.0,0.0
2026-07-22 09:36:00,24024.05078125,24024.150390625,24016.400390625,24020.94921875,0.0,0.0
2026-07-22 09:37:00,24021.30078125,24021.30078125,24016.650390625,24018.599609375,0.0,0.0
2026-07-22 09:38:00,24020.400390625,24032.5,24020.30078125,24030.400390625,0.0,0.0
2026-07-22 09:39:00,24031.5,24031.75,24020.75,24024.05078125,0.0,0.0
2026-07-22 09:40:00,24025.80078125,24029.80078125,24022.0,24029.400390625,0.0,0.0
2026-07-22 09:41:00,24031.0,24031.05078125,24024.25,24024.400390625,0.0,0.0
2026-07-22 09:42:00,24026.650390625,24030.900390625,24024.30078125,24027.94921875,0.0,0.0
2026-07-22 09:43:00,24029.0,24030.849609375,24024.55078125,24029.599609375,0.0,0.0
2026-07-22 09:44:00,24030.0,24031.150390625,24026.0,24027.0,0.0,0.0
2026-07-22 09:45:00,24028.349609375,24031.30078125,24027.349609375,24028.94921875,0.0,0.0
2026-07-22 09:46:00,24030.400390625,24030.400390625,24021.25,24021.69921875,0.0,0.0
2026-07-22 09:47:00,24024.05078125,24024.150390625,24012.30078125,24012.30078125,0.0,0.0
2026-07-22 09:48:00,24014.80078125,24018.30078125,24012.650390625,24016.400390625,0.0,0.0
2026-07-22 09:49:00,24018.0,24018.599609375,24013.150390625,24014.44921875,0.0,0.0
2026-07-22 09:50:00,24015.55078125,24022.099609375,24012.25,24020.55078125,0.0,0.0
2026-07-22 09:51:00,24023.5,24027.30078125,24020.349609375,24021.19921875,0.0,0.0
2026-07-22 09:52:00,24024.30078125,24026.099609375,24019.80078125,24023.150390625,0.0,0.0
2026-07-22 09:53:00,24024.19921875,24024.849609375,24018.55078125,24021.94921875,0.0,0.0
2026-07-22 09:54:00,24024.55078125,24024.80078125,24018.650390625,24020.44921875,0.0,0.0
2026-07-22 09:55:00,24021.099609375,24021.650390625,24013.650390625,24014.80078125,0.0,0.0
2026-07-22 09:56:00,24017.099609375,24018.0,24010.650390625,24010.650390625,0.0,0.0
2026-07-22 09:57:00,24012.80078125,24017.400390625,24008.900390625,24015.94921875,0.0,0.0
2026-07-22 09:58:00,24019.05078125,24020.650390625,24016.94921875,24018.150390625,0.0,0.0
2026-07-22 09:59:00,24019.30078125,24022.75,24017.650390625,24020.19921875,0.0,0.0
2026-07-22 10:00:00,24021.80078125,24021.849609375,24012.900390625,24015.05078125,0.0,0.0
2026-07-22 10:01:00,24016.349609375,24017.650390625,24013.650390625,24015.150390625,0.0,0.0
2026-07-22 10:02:00,24017.44921875,24021.44921875,24012.75,24021.44921875,0.0,0.0
2026-07-22 10:03:00,24022.650390625,24026.55078125,24021.900390625,24024.849609375,0.0,0.0
2026-07-22 10:04:00,24026.69921875,24029.69921875,24024.150390625,24025.05078125,0.0,0.0
2026-07-22 10:05:00,24027.55078125,24031.19921875,24020.55078125,24028.94921875,0.0,0.0
2026-07-22 10:06:00,24031.150390625,24043.599609375,24030.099609375,24042.05078125,0.0,0.0
2026-07-22 10:07:00,24043.849609375,24050.75,24041.30078125,24049.650390625,0.0,0.0
2026-07-22 10:08:00,24050.099609375,24052.75,24046.94921875,24049.5,0.0,0.0
2026-07-22 10:09:00,24052.19921875,24052.25,24046.80078125,24050.900390625,0.0,0.0
2026-07-22 10:10:00,24052.099609375,24052.099609375,24045.19921875,24045.599609375,0.0,0.0
2026-07-22 10:11:00,24047.5,24048.30078125,24042.05078125,24042.099609375,0.0,0.0
2026-07-22 10:12:00,24043.5,24044.44921875,24041.55078125,24042.94921875,0.0,0.0
2026-07-22 10:13:00,24044.900390625,24046.75,24041.5,24045.25,0.0,0.0
2026-07-22 10:14:00,24045.94921875,24046.44921875,24030.849609375,24033.44921875,0.0,0.0
2026-07-22 10:15:00,24033.80078125,24033.80078125,24028.55078125,24031.19921875,0.0,0.0
2026-07-22 10:16:00,24031.650390625,24032.349609375,24019.55078125,24019.94921875,0.0,0.0
2026-07-22 10:17:00,24022.599609375,24024.099609375,24019.05078125,24019.80078125,0.0,0.0
2026-07-22 10:18:00,24021.599609375,24024.150390625,24018.650390625,24021.94921875,0.0,0.0
2026-07-22 10:19:00,24023.150390625,24024.94921875,24016.5,24021.44921875,0.0,0.0
2026-07-22 10:20:00,24022.650390625,24022.650390625,24014.150390625,24020.099609375,0.0,0.0
2026-07-22 10:21:00,24021.599609375,24021.599609375,24014.80078125,24015.75,0.0,0.0
2026-07-22 10:22:00,24017.05078125,24018.400390625,24012.400390625,24013.150390625,0.0,0.0
2026-07-22 10:23:00,24015.75,24015.80078125,24002.099609375,24002.55078125,0.0,0.0
2026-07-22 10:24:00,24004.349609375,24006.599609375,24000.30078125,24001.75,0.0,0.0
2026-07-22 10:25:00,24003.94921875,24003.94921875,23989.05078125,23989.55078125,0.0,0.0
2026-07-22 10:26:00,23990.05078125,23990.05078125,23977.05078125,23977.94921875,0.0,0.0
2026-07-22 10:27:00,23980.25,23988.75,23973.849609375,23986.400390625,0.0,0.0
2026-07-22 10:28:00,23987.099609375,23999.80078125,23986.44921875,23998.69921875,0.0,0.0
2026-07-22 10:29:00,23999.55078125,24008.400390625,23998.69921875,24007.599609375,0.0,0.0
2026-07-22 10:30:00,24009.25,24010.19921875,24003.849609375,24008.25,0.0,0.0
2026-07-22 10:31:00,24010.30078125,24013.5,24005.0,24005.0,0.0,0.0
2026-07-22 10:32:00,24006.0,24007.05078125,23999.150390625,23999.150390625,0.0,0.0
2026-07-22 10:33:00,24000.849609375,24005.94921875,23997.849609375,24005.05078125,0.0,0.0
2026-07-22 10:34:00,24006.400390625,24006.400390625,24000.80078125,24002.099609375,0.0,0.0
2026-07-22 10:35:00,24003.5,24004.75,24001.75,24004.150390625,0.0,0.0
2026-07-22 10:36:00,24005.349609375,24007.400390625,23999.400390625,23999.849609375,0.0,0.0
2026-07-22 10:37:00,24001.099609375,24007.349609375,24000.25,24002.44921875,0.0,0.0
2026-07-22 10:38:00,24004.19921875,24004.19921875,23994.650390625,23994.80078125,0.0,0.0
2026-07-22 10:39:00,23997.05078125,24000.150390625,23993.44921875,23994.099609375,0.0,0.0
2026-07-22 10:40:00,23996.400390625,23997.55078125,23992.55078125,23993.55078125,0.0,0.0
2026-07-22 10:41:00,23996.650390625,23997.44921875,23991.55078125,23993.0,0.0,0.0
2026-07-22 10:42:00,23995.150390625,23996.19921875,23991.150390625,23991.94921875,0.0,0.0
2026-07-22 10:43:00,23993.44921875,23994.44921875,23991.05078125,23992.0,0.0,0.0
2026-07-22 10:44:00,23993.900390625,23994.400390625,23989.19921875,23989.19921875,0.0,0.0
2026-07-22 10:45:00,23991.599609375,23998.55078125,23988.25,23998.55078125,0.0,0.0
2026-07-22 10:46:00,23999.30078125,24006.349609375,23998.30078125,24001.55078125,0.0,0.0
2026-07-22 10:47:00,24002.900390625,24007.55078125,24000.900390625,24006.55078125,0.0,0.0
2026-07-22 10:48:00,24007.69921875,24012.400390625,24005.849609375,24010.150390625,0.0,0.0
2026-07-22 10:49:00,24011.80078125,24015.44921875,24010.0,24010.900390625,0.0,0.0
2026-07-22 10:50:00,24013.0,24013.150390625,24008.19921875,24009.80078125,0.0,0.0
2026-07-22 10:51:00,24011.55078125,24014.19921875,24009.25,24012.150390625,0.0,0.0
2026-07-22 10:52:00,24014.80078125,24017.5,24012.55078125,24015.80078125,0.0,0.0
2026-07-22 10:53:00,24017.900390625,24019.400390625,24015.19921875,24017.650390625,0.0,0.0
2026-07-22 10:54:00,24018.849609375,24021.30078125,24017.650390625,24017.69921875,0.0,0.0
2026-07-22 10:55:00,24019.75,24024.55078125,24017.599609375,24018.849609375,0.0,0.0
2026-07-22 10:56:00,24020.25,24026.0,24018.099609375,24025.400390625,0.0,0.0
2026-07-22 10:57:00,24027.400390625,24029.75,24025.849609375,24028.0,0.0,0.0
2026-07-22 10:58:00,24029.650390625,24030.80078125,24021.900390625,24022.19921875,0.0,0.0
2026-07-22 10:59:00,24023.650390625,24026.5,24021.849609375,24025.94921875,0.0,0.0
2026-07-22 11:00:00,24027.349609375,24028.099609375,24020.05078125,24020.30078125,0.0,0.0
2026-07-22 11:01:00,24022.849609375,24023.150390625,24017.349609375,24017.5,0.0,0.0
2026-07-22 11:02:00,24018.0,24019.30078125,24014.849609375,24015.150390625,0.0,0.0
2026-07-22 11:03:00,24016.599609375,24019.349609375,24013.55078125,24017.05078125,0.0,0.0
2026-07-22 11:04:00,24018.099609375,24021.19921875,24016.30078125,24018.349609375,0.0,0.0
2026-07-22 11:05:00,24019.400390625,24019.400390625,24013.05078125,24014.349609375,0.0,0.0
2026-07-22 11:06:00,24015.650390625,24015.650390625,24011.349609375,24013.30078125,0.0,0.0
2026-07-22 11:07:00,24014.55078125,24018.849609375,24012.0,24017.19921875,0.0,0.0
2026-07-22 11:08:00,24019.400390625,24021.599609375,24017.80078125,24019.80078125,0.0,0.0
2026-07-22 11:09:00,24019.94921875,24022.650390625,24019.25,24022.349609375,0.0,0.0
2026-07-22 11:10:00,24024.0,24025.80078125,24022.05078125,24025.19921875,0.0,0.0
2026-07-22 11:11:00,24026.44921875,24027.099609375,24020.650390625,24020.650390625,0.0,0.0
2026-07-22 11:12:00,24023.05078125,24023.05078125,24015.5,24017.25,0.0,0.0
2026-07-22 11:13:00,24018.55078125,24019.0,24012.400390625,24013.900390625,0.0,0.0
2026-07-22 11:14:00,24015.900390625,24018.69921875,24012.69921875,24013.69921875,0.0,0.0
2026-07-22 11:15:00,24015.19921875,24017.05078125,24013.0,24013.349609375,0.0,0.0
2026-07-22 11:16:00,24014.650390625,24019.5,24012.900390625,24017.849609375,0.0,0.0
2026-07-22 11:17:00,24019.19921875,24025.05078125,24017.25,24023.849609375,0.0,0.0
2026-07-22 11:18:00,24025.69921875,24030.5,24023.150390625,24025.30078125,0.0,0.0
2026-07-22 11:19:00,24027.5,24027.5,24023.650390625,24024.94921875,0.0,0.0
2026-07-22 11:20:00,24027.900390625,24027.94921875,24023.19921875,24026.849609375,0.0,0.0
2026-07-22 11:21:00,24028.19921875,24034.05078125,24026.75,24032.25,0.0,0.0
2026-07-22 11:22:00,24034.400390625,24035.94921875,24031.44921875,24035.44921875,0.0,0.0
2026-07-22 11:23:00,24036.599609375,24040.349609375,24035.900390625,24037.650390625,0.0,0.0
2026-07-22 11:24:00,24038.849609375,24039.599609375,24036.25,24037.69921875,0.0,0.0
2026-07-22 11:25:00,24039.55078125,24042.0,24037.349609375,24039.30078125,0.0,0.0
2026-07-22 11:26:00,24035.0,24036.94921875,24034.599609375,24036.25,0.0,0.0
2026-07-22 11:27:00,24038.650390625,24040.55078125,24034.849609375,24037.599609375,0.0,0.0
2026-07-22 11:28:00,24039.400390625,24040.75,24037.80078125,24039.349609375,0.0,0.0
2026-07-22 11:29:00,24040.94921875,24041.94921875,24038.0,24041.55078125,0.0,0.0
2026-07-22 11:30:00,24042.75,24043.80078125,24040.30078125,24041.05078125,0.0,0.0
2026-07-22 11:31:00,24042.19921875,24043.05078125,24038.75,24038.80078125,0.0,0.0
2026-07-22 11:32:00,24040.650390625,24044.5,24038.150390625,24042.05078125,0.0,0.0
2026-07-22 11:33:00,24044.150390625,24046.5,24042.599609375,24044.400390625,0.0,0.0
2026-07-22 11:34:00,24045.5,24048.94921875,24044.0,24047.650390625,0.0,0.0
2026-07-22 11:35:00,24048.69921875,24050.650390625,24041.349609375,24041.400390625,0.0,0.0
2026-07-22 11:36:00,24042.900390625,24043.650390625,24038.849609375,24039.849609375,0.0,0.0
2026-07-22 11:37:00,24041.650390625,24042.05078125,24037.349609375,24038.900390625,0.0,0.0
2026-07-22 11:38:00,24040.55078125,24040.75,24036.5,24037.80078125,0.0,0.0
2026-07-22 11:39:00,24039.25,24042.55078125,24037.19921875,24041.80078125,0.0,0.0
2026-07-22 11:40:00,24043.0,24043.900390625,24037.900390625,24040.44921875,0.0,0.0
2026-07-22 11:41:00,24041.400390625,24043.150390625,24039.400390625,24040.80078125,0.0,0.0
2026-07-22 11:42:00,24041.900390625,24044.650390625,24040.55078125,24044.30078125,0.0,0.0
2026-07-22 11:43:00,24045.849609375,24047.900390625,24043.0,24043.75,0.0,0.0
2026-07-22 11:44:00,24045.349609375,24047.25,24043.44921875,24046.25,0.0,0.0
2026-07-22 11:45:00,24046.80078125,24048.30078125,24042.75,24042.900390625,0.0,0.0
2026-07-22 11:46:00,24044.69921875,24045.80078125,24042.05078125,24045.19921875,0.0,0.0
2026-07-22 11:47:00,24046.849609375,24049.0,24044.349609375,24046.25,0.0,0.0
2026-07-22 11:48:00,24048.099609375,24048.599609375,24042.25,24043.400390625,0.0,0.0
2026-07-22 11:49:00,24045.44921875,24045.44921875,24038.19921875,24039.19921875,0.0,0.0
2026-07-22 11:50:00,24041.400390625,24042.05078125,24035.55078125,24040.0,0.0,0.0
2026-07-22 11:51:00,24041.75,24041.75,24037.75,24039.900390625,0.0,0.0
2026-07-22 11:52:00,24040.650390625,24041.599609375,24036.650390625,24039.05078125,0.0,0.0
2026-07-22 11:53:00,24040.150390625,24040.55078125,24033.849609375,24034.69921875,0.0,0.0
2026-07-22 11:54:00,24036.650390625,24036.650390625,24030.099609375,24030.099609375,0.0,0.0
2026-07-22 11:55:00,24031.75,24032.900390625,24027.150390625,24032.400390625,0.0,0.0
2026-07-22 11:56:00,24033.5,24034.150390625,24028.650390625,24031.599609375,0.0,0.0
2026-07-22 11:57:00,24033.25,24033.25,24027.349609375,24028.05078125,0.0,0.0
2026-07-22 11:58:00,24030.44921875,24031.69921875,24026.05078125,24026.900390625,0.0,0.0
2026-07-22 11:59:00,24028.599609375,24028.80078125,24022.0,24022.0,0.0,0.0
2026-07-22 12:00:00,24023.400390625,24024.5,24014.400390625,24014.400390625,0.0,0.0
2026-07-22 12:01:00,24016.69921875,24016.69921875,24008.55078125,24008.849609375,0.0,0.0
2026-07-22 12:02:00,24010.94921875,24011.0,23998.349609375,24003.25,0.0,0.0
2026-07-22 12:03:00,24004.69921875,24008.400390625,24003.150390625,24006.5,0.0,0.0
2026-07-22 12:04:00,24006.19921875,24011.5,24005.75,24009.25,0.0,0.0
2026-07-22 12:05:00,24011.0,24012.44921875,24007.5,24011.349609375,0.0,0.0
2026-07-22 12:06:00,24013.30078125,24015.69921875,24009.55078125,24013.849609375,0.0,0.0
2026-07-22 12:07:00,24015.650390625,24016.25,24010.75,24010.75,0.0,0.0
2026-07-22 12:08:00,24013.19921875,24013.30078125,24006.349609375,24006.900390625,0.0,0.0
2026-07-22 12:09:00,24008.44921875,24008.44921875,23999.0,23999.44921875,0.0,0.0
2026-07-22 12:10:00,24001.150390625,24002.19921875,23997.05078125,24000.5,0.0,0.0
2026-07-22 12:11:00,24002.400390625,24005.05078125,24000.400390625,24002.55078125,0.0,0.0
2026-07-22 12:12:00,24004.75,24004.75,23998.19921875,23998.19921875,0.0,0.0
2026-07-22 12:13:00,24000.599609375,24000.599609375,23995.94921875,23997.400390625,0.0,0.0
2026-07-22 12:14:00,23998.349609375,23999.650390625,23995.25,23996.25,0.0,0.0
2026-07-22 12:15:00,23997.849609375,23997.849609375,23991.650390625,23995.94921875,0.0,0.0
2026-07-22 12:16:00,23997.25,23999.30078125,23995.44921875,23997.900390625,0.0,0.0
2026-07-22 12:17:00,23999.80078125,23999.80078125,23996.099609375,23997.80078125,0.0,0.0
2026-07-22 12:18:00,23998.80078125,23998.80078125,23987.44921875,23987.900390625,0.0,0.0
2026-07-22 12:19:00,23989.650390625,23990.0,23978.55078125,23978.849609375,0.0,0.0
2026-07-22 12:20:00,23979.25,23979.25,23968.650390625,23971.80078125,0.0,0.0
2026-07-22 12:21:00,23973.5,23981.25,23972.150390625,23979.69921875,0.0,0.0
2026-07-22 12:22:00,23979.849609375,23982.0,23974.80078125,23977.349609375,0.0,0.0
2026-07-22 12:23:00,23978.349609375,23986.19921875,23975.44921875,23985.900390625,0.0,0.0
2026-07-22 12:24:00,23987.5,23990.400390625,23984.099609375,23988.80078125,0.0,0.0
2026-07-22 12:25:00,23990.150390625,23992.25,23989.19921875,23991.099609375,0.0,0.0
2026-07-22 12:26:00,23992.650390625,23992.94921875,23989.94921875,23991.5,0.0,0.0
2026-07-22 12:27:00,23992.55078125,23992.55078125,23986.599609375,23988.05078125,0.0,0.0
2026-07-22 12:28:00,23989.25,23989.25,23983.5,23985.099609375,0.0,0.0
2026-07-22 12:29:00,23986.94921875,23986.94921875,23979.349609375,23980.900390625,0.0,0.0
2026-07-22 12:30:00,23982.400390625,23982.400390625,23974.80078125,23976.349609375,0.0,0.0
2026-07-22 12:31:00,23976.94921875,23976.94921875,23971.05078125,23971.25,0.0,0.0
2026-07-22 12:32:00,23972.75,23974.30078125,23969.44921875,23972.94921875,0.0,0.0
2026-07-22 12:33:00,23974.25,23975.5,23969.400390625,23974.900390625,0.0,0.0
2026-07-22 12:34:00,23976.099609375,23977.94921875,23971.900390625,23974.94921875,0.0,0.0
2026-07-22 12:35:00,23976.30078125,23976.5,23971.150390625,23972.30078125,0.0,0.0
2026-07-22 12:36:00,23973.650390625,23973.94921875,23968.0,23969.650390625,0.0,0.0
2026-07-22 12:37:00,23971.44921875,23973.69921875,23968.69921875,23970.150390625,0.0,0.0
2026-07-22 12:38:00,23971.19921875,23973.0,23964.25,23965.25,0.0,0.0
2026-07-22 12:39:00,23966.099609375,23967.05078125,23962.69921875,23965.150390625,0.0,0.0
2026-07-22 12:40:00,23965.94921875,23965.94921875,23961.599609375,23962.30078125,0.0,0.0
2026-07-22 12:41:00,23963.650390625,23965.69921875,23961.849609375,23965.349609375,0.0,0.0
2026-07-22 12:42:00,23966.55078125,23979.400390625,23965.400390625,23978.150390625,0.0,0.0
2026-07-22 12:43:00,23979.349609375,23979.849609375,23976.650390625,23978.05078125,0.0,0.0
2026-07-22 12:44:00,23979.44921875,23983.400390625,23977.599609375,23983.25,0.0,0.0
2026-07-22 12:45:00,23985.099609375,23985.650390625,23980.400390625,23981.099609375,0.0,0.0
2026-07-22 12:46:00,23981.849609375,23982.900390625,23978.0,23981.849609375,0.0,0.0
2026-07-22 12:47:00,23983.150390625,23987.19921875,23979.099609375,23987.19921875,0.0,0.0
2026-07-22 12:48:00,23993.5,24000.849609375,23993.5,23999.30078125,0.0,0.0
2026-07-22 12:49:00,24000.30078125,24003.650390625,23998.849609375,24003.099609375,0.0,0.0
2026-07-22 12:50:00,24004.5,24005.80078125,24001.5,24004.349609375,0.0,0.0
2026-07-22 12:51:00,24006.099609375,24006.400390625,24002.94921875,24006.05078125,0.0,0.0
2026-07-22 12:52:00,24007.69921875,24012.05078125,24005.05078125,24010.94921875,0.0,0.0
2026-07-22 12:53:00,24013.400390625,24017.05078125,24008.55078125,24009.5,0.0,0.0
2026-07-22 12:54:00,24010.69921875,24010.69921875,24004.150390625,24006.650390625,0.0,0.0
2026-07-22 12:55:00,24008.099609375,24008.650390625,24004.75,24005.5,0.0,0.0
2026-07-22 12:56:00,24007.5,24009.849609375,24005.849609375,24007.349609375,0.0,0.0
2026-07-22 12:57:00,24009.150390625,24009.849609375,24006.599609375,24009.25,0.0,0.0
2026-07-22 12:58:00,24010.849609375,24013.19921875,24007.0,24007.900390625,0.0,0.0
2026-07-22 12:59:00,24010.05078125,24010.099609375,24002.849609375,24003.599609375,0.0,0.0
2026-07-22 13:00:00,24003.30078125,24003.80078125,23997.75,23997.900390625,0.0,0.0
2026-07-22 13:01:00,23999.599609375,23999.599609375,23989.25,23995.25,0.0,0.0
2026-07-22 13:02:00,23996.099609375,23996.349609375,23991.19921875,23995.900390625,0.0,0.0
2026-07-22 13:03:00,23996.599609375,23997.099609375,23988.599609375,23990.55078125,0.0,0.0
2026-07-22 13:04:00,23992.349609375,23992.349609375,23985.099609375,23985.099609375,0.0,0.0
2026-07-22 13:05:00,23986.75,23988.099609375,23981.75,23983.349609375,0.0,0.0
2026-07-22 13:06:00,23985.349609375,23988.94921875,23982.80078125,23987.30078125,0.0,0.0
2026-07-22 13:07:00,23988.69921875,23989.150390625,23984.80078125,23988.5,0.0,0.0
2026-07-22 13:08:00,23990.30078125,23993.25,23988.55078125,23991.349609375,0.0,0.0
2026-07-22 13:09:00,23993.19921875,23993.400390625,23988.30078125,23988.75,0.0,0.0
2026-07-22 13:10:00,23990.30078125,23991.19921875,23986.94921875,23989.25,0.0,0.0
2026-07-22 13:11:00,23991.599609375,23991.650390625,23979.349609375,23979.80078125,0.0,0.0
2026-07-22 13:12:00,23981.349609375,23981.349609375,23975.900390625,23976.150390625,0.0,0.0
2026-07-22 13:13:00,23978.150390625,23978.150390625,23968.30078125,23973.30078125,0.0,0.0
2026-07-22 13:14:00,23975.80078125,23981.099609375,23972.44921875,23978.849609375,0.0,0.0
2026-07-22 13:15:00,23980.44921875,23981.150390625,23976.150390625,23978.19921875,0.0,0.0
2026-07-22 13:16:00,23979.69921875,23982.150390625,23977.44921875,23981.94921875,0.0,0.0
2026-07-22 13:17:00,23983.5,23986.349609375,23981.55078125,23983.099609375,0.0,0.0
2026-07-22 13:18:00,23984.849609375,23984.849609375,23978.849609375,23982.349609375,0.0,0.0
2026-07-22 13:19:00,23984.099609375,23984.44921875,23979.44921875,23979.900390625,0.0,0.0
2026-07-22 13:20:00,23982.44921875,23984.150390625,23980.44921875,23982.150390625,0.0,0.0
2026-07-22 13:21:00,23983.75,23986.05078125,23979.599609375,23982.349609375,0.0,0.0
2026-07-22 13:22:00,23982.80078125,23985.30078125,23973.75,23978.650390625,0.0,0.0
2026-07-22 13:23:00,23979.94921875,23980.94921875,23976.5,23980.599609375,0.0,0.0
2026-07-22 13:24:00,23981.75,23982.75,23978.55078125,23978.650390625,0.0,0.0
2026-07-22 13:25:00,23980.69921875,23981.0,23974.5,23976.599609375,0.0,0.0
2026-07-22 13:26:00,23978.150390625,23978.69921875,23973.150390625,23974.19921875,0.0,0.0
2026-07-22 13:27:00,23976.05078125,23979.5,23973.599609375,23979.5,0.0,0.0
2026-07-22 13:28:00,23979.849609375,23981.69921875,23976.25,23979.69921875,0.0,0.0
2026-07-22 13:29:00,23981.69921875,23983.69921875,23978.69921875,23979.30078125,0.0,0.0
2026-07-22 13:30:00,23981.44921875,23987.69921875,23979.30078125,23987.05078125,0.0,0.0
2026-07-22 13:31:00,23988.650390625,23988.650390625,23981.400390625,23985.849609375,0.0,0.0
2026-07-22 13:32:00,23987.25,23990.0,23985.05078125,23988.80078125,0.0,0.0
2026-07-22 13:33:00,23990.05078125,23990.55078125,23983.599609375,23987.599609375,0.0,0.0
2026-07-22 13:34:00,23988.650390625,23995.150390625,23987.0,23994.19921875,0.0,0.0
2026-07-22 13:35:00,23996.400390625,24014.400390625,23990.75,24004.0,0.0,0.0
2026-07-22 13:36:00,24006.30078125,24010.599609375,24003.5,24004.25,0.0,0.0
2026-07-22 13:37:00,24006.44921875,24006.44921875,24001.69921875,24002.55078125,0.0,0.0
2026-07-22 13:38:00,24004.55078125,24005.0,23998.599609375,23999.44921875,0.0,0.0
2026-07-22 13:39:00,24001.099609375,24002.0,23997.599609375,23997.80078125,0.0,0.0
2026-07-22 13:40:00,23999.400390625,24002.0,23997.900390625,23999.25,0.0,0.0
2026-07-22 13:41:00,24000.25,24001.69921875,23988.349609375,23989.349609375,0.0,0.0
2026-07-22 13:42:00,23991.099609375,23991.099609375,23983.25,23984.69921875,0.0,0.0
2026-07-22 13:43:00,23986.849609375,23997.5,23984.44921875,23997.0,0.0,0.0
2026-07-22 13:44:00,23998.400390625,23998.69921875,23993.30078125,23995.349609375,0.0,0.0
2026-07-22 13:45:00,23996.44921875,23996.55078125,23990.94921875,23991.0,0.0,0.0
2026-07-22 13:46:00,23992.94921875,23992.94921875,23984.0,23986.25,0.0,0.0
2026-07-22 13:47:00,23987.44921875,23989.80078125,23985.55078125,23988.650390625,0.0,0.0
2026-07-22 13:48:00,23990.69921875,23990.80078125,23987.05078125,23987.80078125,0.0,0.0
2026-07-22 13:49:00,23989.650390625,23989.80078125,23980.80078125,23981.599609375,0.0,0.0
2026-07-22 13:50:00,23983.30078125,23984.650390625,23978.900390625,23978.900390625,0.0,0.0
2026-07-22 13:51:00,23980.94921875,23981.0,23977.150390625,23978.80078125,0.0,0.0
2026-07-22 13:52:00,23981.5,23982.900390625,23980.0,23981.849609375,0.0,0.0
2026-07-22 13:53:00,23983.25,23983.55078125,23978.80078125,23979.94921875,0.0,0.0
2026-07-22 13:54:00,23982.05078125,23982.099609375,23977.849609375,23977.849609375,0.0,0.0
2026-07-22 13:55:00,23980.69921875,23981.0,23977.400390625,23978.849609375,0.0,0.0
2026-07-22 13:56:00,23980.5,23982.400390625,23979.30078125,23981.099609375,0.0,0.0
2026-07-22 13:57:00,23983.099609375,23986.05078125,23981.099609375,23981.099609375,0.0,0.0
2026-07-22 13:58:00,23982.80078125,23982.80078125,23976.900390625,23977.30078125,0.0,0.0
2026-07-22 13:59:00,23978.94921875,23978.94921875,23974.400390625,23976.5,0.0,0.0
2026-07-22 14:00:00,23978.150390625,23981.0,23971.69921875,23978.25,0.0,0.0
2026-07-22 14:01:00,23980.75,23980.75,23976.05078125,23978.849609375,0.0,0.0
2026-07-22 14:02:00,23979.849609375,23983.55078125,23977.599609375,23982.05078125,0.0,0.0
2026-07-22 14:03:00,23984.599609375,23984.599609375,23977.69921875,23978.80078125,0.0,0.0
2026-07-22 14:04:00,23980.30078125,23980.30078125,23975.19921875,23976.0,0.0,0.0
2026-07-22 14:05:00,23978.150390625,23979.849609375,23975.75,23976.099609375,0.0,0.0
2026-07-22 14:06:00,23978.150390625,23979.25,23975.94921875,23976.900390625,0.0,0.0
2026-07-22 14:07:00,23977.55078125,23979.150390625,23973.349609375,23973.349609375,0.0,0.0
2026-07-22 14:08:00,23975.5,23978.900390625,23973.599609375,23976.80078125,0.0,0.0
2026-07-22 14:09:00,23979.19921875,23981.80078125,23976.349609375,23977.400390625,0.0,0.0
2026-07-22 14:10:00,23979.150390625,23979.19921875,23976.349609375,23977.25,0.0,0.0
2026-07-22 14:11:00,23979.849609375,23979.849609375,23976.44921875,23976.599609375,0.0,0.0
2026-07-22 14:12:00,23977.5,23977.5,23964.599609375,23970.5,0.0,0.0
2026-07-22 14:13:00,23972.900390625,23977.150390625,23969.44921875,23975.599609375,0.0,0.0
2026-07-22 14:14:00,23977.900390625,23977.900390625,23972.30078125,23973.349609375,0.0,0.0
2026-07-22 14:15:00,23975.25,23975.5,23970.599609375,23975.099609375,0.0,0.0
2026-07-22 14:16:00,23976.30078125,23982.69921875,23974.80078125,23982.400390625,0.0,0.0
2026-07-22 14:17:00,23984.69921875,23988.80078125,23982.25,23985.19921875,0.0,0.0
2026-07-22 14:18:00,23986.44921875,23987.69921875,23981.5,23982.55078125,0.0,0.0
2026-07-22 14:19:00,23984.05078125,23986.0,23980.099609375,23984.30078125,0.0,0.0
2026-07-22 14:20:00,23986.400390625,23987.349609375,23983.30078125,23984.400390625,0.0,0.0
2026-07-22 14:21:00,23986.25,23986.30078125,23977.80078125,23978.349609375,0.0,0.0
2026-07-22 14:22:00,23980.150390625,23981.349609375,23977.25,23977.80078125,0.0,0.0
2026-07-22 14:23:00,23980.0,23981.150390625,23975.25,23979.349609375,0.0,0.0
2026-07-22 14:24:00,23981.0,23982.849609375,23978.55078125,23981.150390625,0.0,0.0
2026-07-22 14:25:00,23983.900390625,23983.900390625,23976.75,23977.44921875,0.0,0.0
2026-07-22 14:26:00,23979.30078125,23979.5,23975.349609375,23976.25,0.0,0.0
2026-07-22 14:27:00,23978.30078125,23979.19921875,23974.900390625,23976.650390625,0.0,0.0
2026-07-22 14:28:00,23979.55078125,23979.55078125,23974.80078125,23975.099609375,0.0,0.0
2026-07-22 14:29:00,23976.69921875,23977.099609375,23970.94921875,23972.349609375,0.0,0.0
2026-07-22 14:30:00,23974.30078125,23974.5,23968.599609375,23968.69921875,0.0,0.0
2026-07-22 14:31:00,23970.849609375,23973.0,23968.5,23970.80078125,0.0,0.0
2026-07-22 14:32:00,23972.25,23973.099609375,23969.69921875,23970.75,0.0,0.0
2026-07-22 14:33:00,23972.599609375,23977.80078125,23970.099609375,23976.19921875,0.0,0.0
2026-07-22 14:34:00,23979.30078125,23980.05078125,23975.75,23977.849609375,0.0,0.0
2026-07-22 14:35:00,23980.400390625,23988.75,23979.44921875,23986.80078125,0.0,0.0
2026-07-22 14:36:00,23989.05078125,23989.94921875,23987.05078125,23988.05078125,0.0,0.0
2026-07-22 14:37:00,23989.80078125,23992.05078125,23988.150390625,23988.69921875,0.0,0.0
2026-07-22 14:38:00,23991.599609375,23991.80078125,23987.44921875,23988.44921875,0.0,0.0
2026-07-22 14:39:00,23991.5,23991.5,23982.5,23983.349609375,0.0,0.0
2026-07-22 14:40:00,23985.44921875,23988.25,23981.05078125,23981.599609375,0.0,0.0
2026-07-22 14:41:00,23984.150390625,23984.349609375,23976.69921875,23976.69921875,0.0,0.0
2026-07-22 14:42:00,23979.44921875,23979.69921875,23974.0,23976.19921875,0.0,0.0
2026-07-22 14:43:00,23978.94921875,23980.30078125,23974.05078125,23974.05078125,0.0,0.0
2026-07-22 14:44:00,23977.69921875,23978.849609375,23972.69921875,23976.30078125,0.0,0.0
2026-07-22 14:45:00,23978.44921875,23981.650390625,23975.0,23980.150390625,0.0,0.0
2026-07-22 14:46:00,23982.5,23982.5,23976.55078125,23977.349609375,0.0,0.0
2026-07-22 14:47:00,23980.19921875,23980.94921875,23976.400390625,23976.400390625,0.0,0.0
2026-07-22 14:48:00,23979.30078125,23980.30078125,23974.94921875,23977.25,0.0,0.0
2026-07-22 14:49:00,23977.650390625,23983.0,23977.0,23981.55078125,0.0,0.0
2026-07-22 14:50:00,23982.599609375,23985.349609375,23978.849609375,23985.19921875,0.0,0.0
2026-07-22 14:51:00,23987.25,23988.849609375,23984.900390625,23987.30078125,0.0,0.0
2026-07-22 14:52:00,23989.25,23989.55078125,23984.94921875,23987.0,0.0,0.0
2026-07-22 14:53:00,23988.849609375,23991.849609375,23986.099609375,23988.30078125,0.0,0.0
2026-07-22 14:54:00,23990.19921875,23990.55078125,23985.099609375,23987.44921875,0.0,0.0
2026-07-22 14:55:00,23990.099609375,23990.75,23982.599609375,23983.19921875,0.0,0.0
2026-07-22 14:56:00,23986.05078125,23986.400390625,23981.05078125,23981.05078125,0.0,0.0
2026-07-22 14:57:00,23983.900390625,23984.400390625,23975.05078125,23975.05078125,0.0,0.0
2026-07-22 14:58:00,23977.5,23982.55078125,23975.599609375,23981.30078125,0.0,0.0
2026-07-22 14:59:00,23983.349609375,23984.650390625,23975.0,23979.900390625,0.0,0.0
2026-07-22 15:00:00,23979.900390625,23993.5,23979.900390625,23986.19921875,0.0,0.0
2026-07-22 15:01:00,23987.80078125,23987.80078125,23980.0,23983.900390625,0.0,0.0
2026-07-22 15:02:00,23984.900390625,23989.25,23983.900390625,23987.44921875,0.0,0.0
2026-07-22 15:03:00,23987.80078125,23993.44921875,23975.900390625,23979.0,0.0,0.0
2026-07-22 15:04:00,23979.849609375,23983.0,23973.349609375,23981.650390625,0.0,0.0
2026-07-22 15:05:00,23981.25,23997.650390625,23980.5,23995.75,0.0,0.0
2026-07-22 15:06:00,23996.5,24005.400390625,23993.599609375,23993.80078125,0.0,0.0
2026-07-22 15:07:00,23995.30078125,23995.849609375,23985.80078125,23986.650390625,0.0,0.0
2026-07-22 15:08:00,23988.650390625,23998.55078125,23985.849609375,23996.75,0.0,0.0
2026-07-22 15:09:00,23995.849609375,23998.349609375,23993.30078125,23997.900390625,0.0,0.0
2026-07-22 15:10:00,23998.349609375,24001.900390625,23996.05078125,23997.900390625,0.0,0.0
2026-07-22 15:11:00,23997.5,24003.75,23997.349609375,23998.44921875,0.0,0.0
2026-07-22 15:12:00,23998.44921875,24005.19921875,23997.44921875,24004.19921875,0.0,0.0
2026-07-22 15:13:00,24003.599609375,24010.150390625,24003.599609375,24010.150390625,0.0,0.0
2026-07-22 15:14:00,24009.5,24023.94921875,24009.5,24021.150390625,0.0,0.0
2026-07-22 15:15:00,24021.599609375,24024.80078125,24010.05078125,24014.650390625,0.0,0.0
2026-07-22 15:16:00,24016.900390625,24023.0,24015.400390625,24019.849609375,0.0,0.0
2026-07-22 15:17:00,24019.19921875,24022.0,24017.349609375,24019.900390625,0.0,0.0
2026-07-22 15:18:00,24018.94921875,24020.900390625,24014.55078125,24020.099609375,0.0,0.0
2026-07-22 15:19:00,24019.0,24022.400390625,24013.400390625,24016.19921875,0.0,0.0
2026-07-22 15:20:00,24017.849609375,24018.25,24011.44921875,24013.400390625,0.0,0.0
2026-07-22 15:21:00,24012.80078125,24015.55078125,24005.099609375,24006.25,0.0,0.0
2026-07-22 15:22:00,24005.05078125,24007.0,24000.650390625,24001.400390625,0.0,0.0
2026-07-22 15:23:00,24000.44921875,24002.94921875,23992.650390625,23994.05078125,0.0,0.0
2026-07-22 15:24:00,23993.150390625,24000.44921875,23991.44921875,23999.19921875,0.0,0.0
2026-07-22 15:25:00,24000.099609375,24000.849609375,23992.44921875,23994.44921875,0.0,0.0
2026-07-22 15:26:00,23995.400390625,23996.599609375,23991.05078125,23993.69921875,0.0,0.0
2026-07-22 15:27:00,23993.55078125,23999.30078125,23992.75,23993.94921875,0.0,0.0
2026-07-22 15:28:00,23994.099609375,23996.849609375,23990.94921875,23995.5,0.0,0.0
2026-07-22 15:29:00,23991.900390625,24002.25,23990.80078125,23991.05078125,0.0,0.0
2026-07-23 09:15:00,23904.80078125,23911.849609375,23876.75,23896.05078125,0.0,0.0
2026-07-23 09:16:00,23894.599609375,23908.349609375,23887.5,23906.80078125,0.0,0.0
2026-07-23 09:17:00,23907.349609375,23907.349609375,23891.150390625,23893.400390625,0.0,0.0
2026-07-23 09:18:00,23892.94921875,23905.349609375,23892.94921875,23901.900390625,0.0,0.0
2026-07-23 09:19:00,23901.0,23915.69921875,23899.05078125,23915.599609375,0.0,0.0
2026-07-23 09:20:00,23915.349609375,23945.69921875,23913.599609375,23945.69921875,0.0,0.0
2026-07-23 09:21:00,23946.44921875,23949.650390625,23929.099609375,23942.150390625,0.0,0.0
2026-07-23 09:22:00,23942.349609375,23948.19921875,23940.400390625,23945.849609375,0.0,0.0
2026-07-23 09:23:00,23944.55078125,23949.349609375,23942.25,23949.349609375,0.0,0.0
2026-07-23 09:24:00,23948.55078125,23951.5,23945.849609375,23948.650390625,0.0,0.0
2026-07-23 09:25:00,23950.19921875,23950.19921875,23933.599609375,23939.5,0.0,0.0
2026-07-23 09:26:00,23939.900390625,23944.0,23936.0,23936.400390625,0.0,0.0
2026-07-23 09:27:00,23936.349609375,23936.80078125,23925.25,23929.80078125,0.0,0.0
2026-07-23 09:28:00,23929.349609375,23931.69921875,23923.0,23929.0,0.0,0.0
2026-07-23 09:29:00,23929.900390625,23930.69921875,23920.349609375,23921.099609375,0.0,0.0
2026-07-23 09:30:00,23921.55078125,23926.25,23915.69921875,23915.80078125,0.0,0.0
2026-07-23 09:31:00,23916.0,23929.80078125,23910.75,23913.150390625,0.0,0.0
2026-07-23 09:32:00,23912.75,23915.900390625,23906.30078125,23909.150390625,0.0,0.0
2026-07-23 09:33:00,23909.25,23914.25,23906.80078125,23910.650390625,0.0,0.0
2026-07-23 09:34:00,23910.94921875,23918.55078125,23910.94921875,23917.900390625,0.0,0.0
2026-07-23 09:35:00,23917.69921875,23918.30078125,23902.849609375,23902.849609375,0.0,0.0
2026-07-23 09:36:00,23902.849609375,23903.30078125,23893.25,23898.30078125,0.0,0.0
2026-07-23 09:37:00,23898.650390625,23904.099609375,23893.150390625,23895.44921875,0.0,0.0
2026-07-23 09:38:00,23895.0,23902.650390625,23892.599609375,23901.599609375,0.0,0.0
2026-07-23 09:39:00,23901.349609375,23919.849609375,23900.150390625,23916.0,0.0,0.0
2026-07-23 09:40:00,23916.44921875,23916.44921875,23904.55078125,23908.400390625,0.0,0.0
2026-07-23 09:41:00,23908.599609375,23912.05078125,23904.05078125,23911.900390625,0.0,0.0
2026-07-23 09:42:00,23912.19921875,23917.19921875,23910.0,23911.349609375,0.0,0.0
2026-07-23 09:43:00,23910.650390625,23911.69921875,23904.099609375,23908.849609375,0.0,0.0
2026-07-23 09:44:00,23908.150390625,23915.650390625,23906.75,23907.849609375,0.0,0.0
2026-07-23 09:45:00,23907.599609375,23923.599609375,23907.400390625,23918.19921875,0.0,0.0
2026-07-23 09:46:00,23917.5,23918.75,23908.05078125,23909.900390625,0.0,0.0
2026-07-23 09:47:00,23910.599609375,23911.900390625,23903.650390625,23905.05078125,0.0,0.0
2026-07-23 09:48:00,23905.55078125,23908.599609375,23901.44921875,23906.5,0.0,0.0
2026-07-23 09:49:00,23906.400390625,23919.400390625,23906.400390625,23918.400390625,0.0,0.0
2026-07-23 09:50:00,23917.19921875,23920.75,23914.150390625,23915.69921875,0.0,0.0
2026-07-23 09:51:00,23916.30078125,23927.19921875,23911.900390625,23922.30078125,0.0,0.0
2026-07-23 09:52:00,23922.400390625,23926.0,23920.650390625,23925.25,0.0,0.0
2026-07-23 09:53:00,23924.69921875,23930.900390625,23922.599609375,23928.900390625,0.0,0.0
2026-07-23 09:54:00,23928.69921875,23929.44921875,23920.400390625,23923.19921875,0.0,0.0
2026-07-23 09:55:00,23922.849609375,23935.5,23922.849609375,23932.30078125,0.0,0.0
2026-07-23 09:56:00,23933.69921875,23937.0,23932.75,23934.94921875,0.0,0.0
2026-07-23 09:57:00,23934.349609375,23936.650390625,23930.900390625,23931.849609375,0.0,0.0
2026-07-23 09:58:00,23931.94921875,23937.599609375,23930.900390625,23936.0,0.0,0.0
2026-07-23 09:59:00,23936.80078125,23944.0,23935.69921875,23943.69921875,0.0,0.0
2026-07-23 10:00:00,23942.94921875,23947.599609375,23940.25,23941.0,0.0,0.0
2026-07-23 10:01:00,23940.900390625,23951.0,23940.900390625,23945.650390625,0.0,0.0
2026-07-23 10:02:00,23945.55078125,23955.25,23944.25,23955.25,0.0,0.0
2026-07-23 10:03:00,23955.150390625,23962.44921875,23953.849609375,23959.75,0.0,0.0
2026-07-23 10:04:00,23959.19921875,23964.5,23954.75,23962.099609375,0.0,0.0
2026-07-23 10:05:00,23962.44921875,23962.94921875,23954.0,23956.25,0.0,0.0
2026-07-23 10:06:00,23956.400390625,23957.75,23951.099609375,23955.05078125,0.0,0.0
2026-07-23 10:07:00,23955.19921875,23958.099609375,23948.349609375,23951.94921875,0.0,0.0
2026-07-23 10:08:00,23951.80078125,23959.25,23946.599609375,23957.25,0.0,0.0
2026-07-23 10:09:00,23957.19921875,23969.75,23957.19921875,23965.400390625,0.0,0.0
2026-07-23 10:10:00,23965.55078125,23968.0,23955.80078125,23962.349609375,0.0,0.0
2026-07-23 10:11:00,23962.25,23963.900390625,23957.349609375,23961.75,0.0,0.0
2026-07-23 10:12:00,23961.30078125,23965.150390625,23955.75,23960.75,0.0,0.0
2026-07-23 10:13:00,23960.25,23964.19921875,23959.19921875,23961.55078125,0.0,0.0
2026-07-23 10:14:00,23961.650390625,23962.55078125,23956.349609375,23958.25,0.0,0.0
2026-07-23 10:15:00,23957.349609375,23958.25,23951.30078125,23955.650390625,0.0,0.0
2026-07-23 10:16:00,23957.44921875,23962.099609375,23953.80078125,23960.94921875,0.0,0.0
2026-07-23 10:17:00,23961.5,23968.150390625,23960.650390625,23967.05078125,0.0,0.0
2026-07-23 10:18:00,23967.55078125,23967.55078125,23958.30078125,23963.19921875,0.0,0.0
2026-07-23 10:19:00,23963.900390625,23965.44921875,23955.19921875,23955.349609375,0.0,0.0
2026-07-23 10:20:00,23955.75,23958.19921875,23952.650390625,23953.650390625,0.0,0.0
2026-07-23 10:21:00,23953.69921875,23957.05078125,23951.0,23952.400390625,0.0,0.0
2026-07-23 10:22:00,23952.44921875,23953.44921875,23947.5,23949.25,0.0,0.0
2026-07-23 10:23:00,23949.25,23950.30078125,23943.80078125,23945.80078125,0.0,0.0
2026-07-23 10:24:00,23946.0,23954.599609375,23946.0,23954.599609375,0.0,0.0
2026-07-23 10:25:00,23954.80078125,23954.80078125,23949.94921875,23954.150390625,0.0,0.0
2026-07-23 10:26:00,23954.349609375,23956.94921875,23951.44921875,23953.55078125,0.0,0.0
2026-07-23 10:27:00,23953.849609375,23970.0,23953.849609375,23964.94921875,0.0,0.0
2026-07-23 10:28:00,23965.349609375,23971.55078125,23965.099609375,23970.400390625,0.0,0.0
2026-07-23 10:29:00,23970.44921875,23973.599609375,23967.19921875,23969.650390625,0.0,0.0
2026-07-23 10:30:00,23969.650390625,23973.19921875,23964.599609375,23965.900390625,0.0,0.0
2026-07-23 10:31:00,23965.349609375,23968.25,23963.80078125,23964.80078125,0.0,0.0
2026-07-23 10:32:00,23964.94921875,23965.55078125,23962.400390625,23963.099609375,0.0,0.0
2026-07-23 10:33:00,23962.44921875,23964.69921875,23959.94921875,23963.94921875,0.0,0.0
2026-07-23 10:34:00,23963.349609375,23964.650390625,23958.19921875,23962.80078125,0.0,0.0
2026-07-23 10:35:00,23962.80078125,23970.44921875,23962.44921875,23969.69921875,0.0,0.0
2026-07-23 10:36:00,23969.75,23974.05078125,23968.650390625,23973.75,0.0,0.0
2026-07-23 10:37:00,23973.400390625,23973.400390625,23968.0,23970.80078125,0.0,0.0
2026-07-23 10:38:00,23971.30078125,23972.80078125,23968.19921875,23972.0,0.0,0.0
2026-07-23 10:39:00,23972.19921875,23974.80078125,23969.55078125,23969.849609375,0.0,0.0
2026-07-23 10:40:00,23969.849609375,23978.849609375,23969.44921875,23974.94921875,0.0,0.0
2026-07-23 10:41:00,23975.400390625,23976.349609375,23972.599609375,23975.099609375,0.0,0.0
2026-07-23 10:42:00,23975.099609375,23976.599609375,23969.69921875,23971.5,0.0,0.0
2026-07-23 10:43:00,23971.0,23974.69921875,23970.44921875,23973.80078125,0.0,0.0
2026-07-23 10:44:00,23973.80078125,23976.400390625,23972.0,23974.400390625,0.0,0.0
2026-07-23 10:45:00,23974.94921875,23976.400390625,23969.900390625,23974.80078125,0.0,0.0
2026-07-23 10:46:00,23973.55078125,23977.900390625,23972.80078125,23974.75,0.0,0.0
2026-07-23 10:47:00,23974.650390625,23977.25,23971.25,23975.0,0.0,0.0
2026-07-23 10:48:00,23975.150390625,23979.5,23972.69921875,23976.44921875,0.0,0.0
2026-07-23 10:49:00,23976.5,23982.05078125,23975.900390625,23979.349609375,0.0,0.0
2026-07-23 10:50:00,23979.599609375,23984.19921875,23978.19921875,23981.150390625,0.0,0.0
2026-07-23 10:51:00,23981.400390625,23982.650390625,23977.650390625,23979.849609375,0.0,0.0
2026-07-23 10:52:00,23979.900390625,23983.099609375,23975.55078125,23976.94921875,0.0,0.0
2026-07-23 10:53:00,23977.44921875,23978.150390625,23966.400390625,23970.599609375,0.0,0.0
2026-07-23 10:54:00,23970.44921875,23972.099609375,23966.150390625,23966.599609375,0.0,0.0
2026-07-23 10:55:00,23967.0,23971.099609375,23966.25,23970.05078125,0.0,0.0
2026-07-23 10:56:00,23969.94921875,23975.5,23968.900390625,23975.5,0.0,0.0
2026-07-23 10:57:00,23974.900390625,23981.05078125,23974.05078125,23976.150390625,0.0,0.0
2026-07-23 10:58:00,23975.75,23978.900390625,23974.0,23975.099609375,0.0,0.0
2026-07-23 10:59:00,23974.75,23979.349609375,23974.349609375,23977.0,0.0,0.0
2026-07-23 11:00:00,23977.30078125,23983.55078125,23977.30078125,23982.650390625,0.0,0.0
2026-07-23 11:01:00,23982.900390625,23984.900390625,23979.400390625,23981.25,0.0,0.0
2026-07-23 11:02:00,23982.150390625,23984.55078125,23981.19921875,23983.44921875,0.0,0.0
2026-07-23 11:03:00,23983.400390625,23986.75,23982.05078125,23984.650390625,0.0,0.0
2026-07-23 11:04:00,23985.0,23988.69921875,23984.05078125,23987.349609375,0.0,0.0
2026-07-23 11:05:00,23986.69921875,23990.69921875,23984.80078125,23987.30078125,0.0,0.0
2026-07-23 11:06:00,23987.400390625,23987.69921875,23979.900390625,23980.150390625,0.0,0.0
2026-07-23 11:07:00,23980.0,23985.349609375,23979.30078125,23983.69921875,0.0,0.0
2026-07-23 11:08:00,23983.400390625,23988.150390625,23982.94921875,23985.5,0.0,0.0
2026-07-23 11:09:00,23985.25,23987.849609375,23983.75,23986.55078125,0.0,0.0
2026-07-23 11:10:00,23986.30078125,23989.05078125,23984.5,23986.0,0.0,0.0
2026-07-23 11:11:00,23986.25,23987.25,23980.44921875,23981.75,0.0,0.0
2026-07-23 11:12:00,23981.69921875,23985.05078125,23976.69921875,23982.150390625,0.0,0.0
2026-07-23 11:13:00,23981.30078125,23984.44921875,23973.650390625,23974.099609375,0.0,0.0
2026-07-23 11:14:00,23974.80078125,23977.69921875,23971.44921875,23972.400390625,0.0,0.0
2026-07-23 11:15:00,23972.099609375,23973.80078125,23967.400390625,23967.400390625,0.0,0.0
2026-07-23 11:16:00,23967.80078125,23970.75,23963.19921875,23964.650390625,0.0,0.0
2026-07-23 11:17:00,23964.5,23968.75,23962.099609375,23965.94921875,0.0,0.0
2026-07-23 11:18:00,23966.150390625,23966.849609375,23960.19921875,23962.80078125,0.0,0.0
2026-07-23 11:19:00,23962.69921875,23966.5,23961.05078125,23962.099609375,0.0,0.0
2026-07-23 11:20:00,23962.099609375,23963.44921875,23956.5,23958.25,0.0,0.0
2026-07-23 11:21:00,23958.05078125,23961.19921875,23955.849609375,23956.25,0.0,0.0
2026-07-23 11:22:00,23956.400390625,23957.80078125,23952.599609375,23955.900390625,0.0,0.0
2026-07-23 11:23:00,23955.349609375,23961.650390625,23955.349609375,23958.75,0.0,0.0
2026-07-23 11:24:00,23958.30078125,23958.69921875,23952.94921875,23954.80078125,0.0,0.0
2026-07-23 11:25:00,23954.55078125,23956.150390625,23950.650390625,23952.44921875,0.0,0.0
2026-07-23 11:26:00,23952.25,23956.55078125,23948.900390625,23955.25,0.0,0.0
2026-07-23 11:27:00,23955.25,23956.0,23949.19921875,23950.19921875,0.0,0.0
2026-07-23 11:28:00,23950.400390625,23952.349609375,23948.099609375,23951.599609375,0.0,0.0
2026-07-23 11:29:00,23952.0,23952.0,23944.25,23945.5,0.0,0.0
2026-07-23 11:30:00,23945.05078125,23947.55078125,23941.94921875,23945.849609375,0.0,0.0
2026-07-23 11:31:00,23945.900390625,23953.05078125,23943.55078125,23952.55078125,0.0,0.0
2026-07-23 11:32:00,23952.55078125,23956.30078125,23949.80078125,23950.55078125,0.0,0.0
2026-07-23 11:33:00,23951.30078125,23953.150390625,23947.69921875,23950.0,0.0,0.0
2026-07-23 11:34:00,23950.349609375,23953.349609375,23948.44921875,23952.94921875,0.0,0.0
2026-07-23 11:35:00,23953.25,23955.44921875,23952.599609375,23954.25,0.0,0.0
2026-07-23 11:36:00,23953.69921875,23955.599609375,23951.900390625,23952.69921875,0.0,0.0
2026-07-23 11:37:00,23952.30078125,23954.150390625,23939.94921875,23943.69921875,0.0,0.0
2026-07-23 11:38:00,23943.75,23946.94921875,23942.349609375,23946.349609375,0.0,0.0
2026-07-23 11:39:00,23946.400390625,23947.69921875,23943.599609375,23943.94921875,0.0,0.0
2026-07-23 11:40:00,23944.0,23946.05078125,23943.05078125,23944.80078125,0.0,0.0
2026-07-23 11:41:00,23944.55078125,23944.900390625,23941.25,23941.25,0.0,0.0
2026-07-23 11:42:00,23942.150390625,23950.05078125,23942.099609375,23949.150390625,0.0,0.0
2026-07-23 11:43:00,23948.55078125,23949.25,23945.69921875,23946.55078125,0.0,0.0
2026-07-23 11:44:00,23946.349609375,23948.05078125,23943.650390625,23947.75,0.0,0.0
2026-07-23 11:45:00,23947.599609375,23950.05078125,23946.099609375,23946.69921875,0.0,0.0
2026-07-23 11:46:00,23946.650390625,23948.94921875,23943.900390625,23946.099609375,0.0,0.0
2026-07-23 11:47:00,23945.75,23949.099609375,23943.599609375,23945.30078125,0.0,0.0
2026-07-23 11:48:00,23944.5,23948.650390625,23944.099609375,23945.599609375,0.0,0.0
2026-07-23 11:49:00,23945.650390625,23948.44921875,23943.400390625,23946.099609375,0.0,0.0
2026-07-23 11:50:00,23945.400390625,23946.849609375,23942.900390625,23943.30078125,0.0,0.0
2026-07-23 11:51:00,23943.05078125,23944.80078125,23939.44921875,23940.900390625,0.0,0.0
2026-07-23 11:52:00,23940.30078125,23941.19921875,23936.0,23938.30078125,0.0,0.0
2026-07-23 11:53:00,23937.400390625,23938.400390625,23930.650390625,23931.099609375,0.0,0.0
2026-07-23 11:54:00,23931.55078125,23938.75,23931.55078125,23937.599609375,0.0,0.0
2026-07-23 11:55:00,23938.25,23943.900390625,23937.849609375,23943.0,0.0,0.0
2026-07-23 11:56:00,23943.80078125,23944.44921875,23935.5,23936.349609375,0.0,0.0
2026-07-23 11:57:00,23937.099609375,23939.099609375,23933.900390625,23938.150390625,0.0,0.0
2026-07-23 11:58:00,23938.650390625,23948.19921875,23937.25,23946.349609375,0.0,0.0
2026-07-23 11:59:00,23946.30078125,23956.44921875,23944.19921875,23953.69921875,0.0,0.0
2026-07-23 12:00:00,23953.5,23964.30078125,23953.05078125,23962.44921875,0.0,0.0
2026-07-23 12:01:00,23962.650390625,23963.349609375,23952.94921875,23957.400390625,0.0,0.0
2026-07-23 12:02:00,23957.0,23957.0,23947.25,23947.650390625,0.0,0.0
2026-07-23 12:03:00,23948.75,23956.05078125,23947.44921875,23948.55078125,0.0,0.0
2026-07-23 12:04:00,23948.44921875,23950.69921875,23944.69921875,23945.5,0.0,0.0
2026-07-23 12:05:00,23945.55078125,23947.650390625,23942.05078125,23943.650390625,0.0,0.0
2026-07-23 12:06:00,23943.44921875,23947.80078125,23942.099609375,23944.099609375,0.0,0.0
2026-07-23 12:07:00,23944.150390625,23950.55078125,23943.0,23949.25,0.0,0.0
2026-07-23 12:08:00,23949.5,23951.599609375,23947.0,23950.55078125,0.0,0.0
2026-07-23 12:09:00,23952.19921875,23959.599609375,23950.80078125,23958.69921875,0.0,0.0
2026-07-23 12:10:00,23959.349609375,23962.0,23951.650390625,23953.80078125,0.0,0.0
2026-07-23 12:11:00,23953.099609375,23953.849609375,23943.099609375,23947.150390625,0.0,0.0
2026-07-23 12:12:00,23946.75,23948.05078125,23937.5,23941.55078125,0.0,0.0
2026-07-23 12:13:00,23941.599609375,23942.25,23935.94921875,23936.55078125,0.0,0.0
2026-07-23 12:14:00,23935.80078125,23937.900390625,23933.19921875,23934.099609375,0.0,0.0
2026-07-23 12:15:00,23934.849609375,23936.400390625,23930.5,23933.849609375,0.0,0.0
2026-07-23 12:16:00,23933.69921875,23939.349609375,23933.55078125,23936.849609375,0.0,0.0
2026-07-23 12:17:00,23936.349609375,23937.69921875,23933.349609375,23936.25,0.0,0.0
2026-07-23 12:18:00,23936.30078125,23937.849609375,23933.69921875,23935.150390625,0.0,0.0
2026-07-23 12:19:00,23935.400390625,23937.55078125,23932.400390625,23935.19921875,0.0,0.0
2026-07-23 12:20:00,23935.849609375,23937.900390625,23932.349609375,23934.150390625,0.0,0.0
2026-07-23 12:21:00,23933.849609375,23934.650390625,23928.150390625,23929.5,0.0,0.0
2026-07-23 12:22:00,23928.849609375,23933.900390625,23928.849609375,23931.5,0.0,0.0
2026-07-23 12:23:00,23931.599609375,23934.30078125,23925.150390625,23926.400390625,0.0,0.0
2026-07-23 12:24:00,23925.75,23926.69921875,23922.44921875,23924.849609375,0.0,0.0
2026-07-23 12:25:00,23925.05078125,23926.400390625,23921.05078125,23921.69921875,0.0,0.0
2026-07-23 12:26:00,23923.75,23925.150390625,23916.75,23919.0,0.0,0.0
2026-07-23 12:27:00,23918.94921875,23920.19921875,23915.19921875,23917.05078125,0.0,0.0
2026-07-23 12:28:00,23916.69921875,23919.94921875,23914.599609375,23915.75,0.0,0.0
2026-07-23 12:29:00,23915.849609375,23917.099609375,23911.849609375,23911.849609375,0.0,0.0
2026-07-23 12:30:00,23911.849609375,23915.0,23895.75,23895.75,0.0,0.0
2026-07-23 12:31:00,23895.5,23895.5,23883.349609375,23892.25,0.0,0.0
2026-07-23 12:32:00,23892.099609375,23894.94921875,23889.75,23892.900390625,0.0,0.0
2026-07-23 12:33:00,23893.0,23898.849609375,23892.650390625,23894.900390625,0.0,0.0
2026-07-23 12:34:00,23895.349609375,23900.150390625,23894.900390625,23899.349609375,0.0,0.0
2026-07-23 12:35:00,23899.650390625,23900.25,23888.900390625,23889.349609375,0.0,0.0
2026-07-23 12:36:00,23889.349609375,23889.55078125,23880.25,23888.599609375,0.0,0.0
2026-07-23 12:37:00,23889.19921875,23890.80078125,23885.80078125,23890.099609375,0.0,0.0
2026-07-23 12:38:00,23889.80078125,23897.75,23887.25,23896.44921875,0.0,0.0
2026-07-23 12:39:00,23896.05078125,23897.19921875,23886.25,23887.349609375,0.0,0.0
2026-07-23 12:40:00,23886.849609375,23888.05078125,23878.05078125,23878.05078125,0.0,0.0
2026-07-23 12:41:00,23876.80078125,23879.94921875,23874.099609375,23877.400390625,0.0,0.0
2026-07-23 12:42:00,23877.400390625,23877.80078125,23863.05078125,23863.05078125,0.0,0.0
2026-07-23 12:43:00,23863.19921875,23864.80078125,23855.94921875,23857.55078125,0.0,0.0
2026-07-23 12:44:00,23857.0,23859.80078125,23855.150390625,23857.25,0.0,0.0
2026-07-23 12:45:00,23856.94921875,23861.75,23851.650390625,23852.19921875,0.0,0.0
2026-07-23 12:46:00,23852.400390625,23857.94921875,23849.94921875,23857.5,0.0,0.0
2026-07-23 12:47:00,23857.150390625,23862.94921875,23857.150390625,23860.69921875,0.0,0.0
2026-07-23 12:48:00,23860.0,23864.44921875,23857.19921875,23861.75,0.0,0.0
2026-07-23 12:49:00,23861.75,23862.349609375,23850.75,23853.099609375,0.0,0.0
2026-07-23 12:50:00,23852.19921875,23855.94921875,23851.349609375,23851.69921875,0.0,0.0
2026-07-23 12:51:00,23851.44921875,23852.0,23847.25,23850.400390625,0.0,0.0
2026-07-23 12:52:00,23850.75,23851.30078125,23843.650390625,23845.05078125,0.0,0.0
2026-07-23 12:53:00,23845.0,23847.80078125,23843.44921875,23846.900390625,0.0,0.0
2026-07-23 12:54:00,23846.349609375,23855.650390625,23846.349609375,23854.349609375,0.0,0.0
2026-07-23 12:55:00,23854.55078125,23860.849609375,23853.69921875,23860.349609375,0.0,0.0
2026-07-23 12:56:00,23860.19921875,23860.849609375,23852.05078125,23853.5,0.0,0.0
2026-07-23 12:57:00,23851.5,23854.150390625,23843.849609375,23853.599609375,0.0,0.0
2026-07-23 12:58:00,23853.599609375,23854.30078125,23851.0,23851.55078125,0.0,0.0
2026-07-23 12:59:00,23851.69921875,23853.94921875,23849.94921875,23852.400390625,0.0,0.0
2026-07-23 13:00:00,23852.599609375,23854.349609375,23847.69921875,23848.80078125,0.0,0.0
2026-07-23 13:01:00,23848.75,23848.80078125,23844.099609375,23844.44921875,0.0,0.0
2026-07-23 13:02:00,23844.55078125,23845.75,23840.30078125,23842.69921875,0.0,0.0
2026-07-23 13:03:00,23842.69921875,23850.05078125,23842.599609375,23848.44921875,0.0,0.0
2026-07-23 13:04:00,23848.25,23849.900390625,23841.650390625,23842.80078125,0.0,0.0
2026-07-23 13:05:00,23842.599609375,23843.75,23835.900390625,23838.80078125,0.0,0.0
2026-07-23 13:06:00,23838.650390625,23841.5,23836.650390625,23838.69921875,0.0,0.0
2026-07-23 13:07:00,23838.94921875,23841.099609375,23837.349609375,23839.05078125,0.0,0.0
2026-07-23 13:08:00,23839.19921875,23839.44921875,23831.0,23831.150390625,0.0,0.0
2026-07-23 13:09:00,23831.19921875,23836.75,23831.19921875,23833.0,0.0,0.0
2026-07-23 13:10:00,23833.05078125,23833.650390625,23828.849609375,23831.19921875,0.0,0.0
2026-07-23 13:11:00,23831.25,23833.25,23827.5,23830.900390625,0.0,0.0
2026-07-23 13:12:00,23831.099609375,23832.30078125,23828.75,23829.0,0.0,0.0
2026-07-23 13:13:00,23829.150390625,23834.30078125,23826.75,23832.19921875,0.0,0.0
2026-07-23 13:14:00,23831.650390625,23839.25,23831.099609375,23832.0,0.0,0.0
2026-07-23 13:15:00,23831.94921875,23832.75,23827.19921875,23827.849609375,0.0,0.0
2026-07-23 13:16:00,23827.900390625,23828.5,23817.75,23818.099609375,0.0,0.0
2026-07-23 13:17:00,23818.19921875,23829.30078125,23812.0,23828.400390625,0.0,0.0
2026-07-23 13:18:00,23828.44921875,23839.0,23823.80078125,23836.599609375,0.0,0.0
2026-07-23 13:19:00,23837.75,23840.0,23829.150390625,23830.849609375,0.0,0.0
2026-07-23 13:20:00,23831.0,23835.599609375,23830.349609375,23834.349609375,0.0,0.0
2026-07-23 13:21:00,23835.099609375,23844.099609375,23834.69921875,23838.0,0.0,0.0
2026-07-23 13:22:00,23838.19921875,23839.80078125,23832.349609375,23839.44921875,0.0,0.0
2026-07-23 13:23:00,23839.25,23841.30078125,23836.0,23838.400390625,0.0,0.0
2026-07-23 13:24:00,23837.75,23840.05078125,23830.94921875,23839.75,0.0,0.0
2026-07-23 13:25:00,23839.849609375,23846.150390625,23837.30078125,23843.25,0.0,0.0
2026-07-23 13:26:00,23842.69921875,23844.099609375,23836.849609375,23839.0,0.0,0.0
2026-07-23 13:27:00,23838.849609375,23839.75,23835.80078125,23836.349609375,0.0,0.0
2026-07-23 13:28:00,23836.44921875,23838.0,23832.900390625,23833.349609375,0.0,0.0
2026-07-23 13:29:00,23833.55078125,23838.94921875,23833.55078125,23838.150390625,0.0,0.0
2026-07-23 13:30:00,23838.05078125,23840.44921875,23827.30078125,23834.44921875,0.0,0.0
2026-07-23 13:31:00,23833.650390625,23834.650390625,23827.349609375,23829.94921875,0.0,0.0
2026-07-23 13:32:00,23828.69921875,23833.099609375,23825.94921875,23831.5,0.0,0.0
2026-07-23 13:33:00,23831.80078125,23836.650390625,23830.849609375,23833.599609375,0.0,0.0
2026-07-23 13:34:00,23833.69921875,23834.400390625,23827.599609375,23830.55078125,0.0,0.0
2026-07-23 13:35:00,23829.75,23832.25,23828.55078125,23831.0,0.0,0.0
2026-07-23 13:36:00,23831.30078125,23833.55078125,23829.05078125,23829.55078125,0.0,0.0
2026-07-23 13:37:00,23829.900390625,23845.30078125,23827.349609375,23844.849609375,0.0,0.0
2026-07-23 13:38:00,23844.69921875,23858.650390625,23844.5,23858.0,0.0,0.0
2026-07-23 13:39:00,23858.0,23858.0,23851.30078125,23854.849609375,0.0,0.0
2026-07-23 13:40:00,23855.0,23863.44921875,23854.5,23859.849609375,0.0,0.0
2026-07-23 13:41:00,23860.19921875,23864.349609375,23858.900390625,23863.150390625,0.0,0.0
2026-07-23 13:42:00,23863.44921875,23863.44921875,23847.05078125,23847.349609375,0.0,0.0
2026-07-23 13:43:00,23847.69921875,23849.900390625,23841.44921875,23842.69921875,0.0,0.0
2026-07-23 13:44:00,23841.5,23852.05078125,23840.44921875,23850.30078125,0.0,0.0
2026-07-23 13:45:00,23850.80078125,23862.25,23850.80078125,23860.94921875,0.0,0.0
2026-07-23 13:46:00,23861.94921875,23864.19921875,23857.44921875,23863.0,0.0,0.0
2026-07-23 13:47:00,23863.5,23871.150390625,23861.44921875,23867.900390625,0.0,0.0
2026-07-23 13:48:00,23868.650390625,23868.80078125,23863.400390625,23866.19921875,0.0,0.0
2026-07-23 13:49:00,23865.80078125,23866.650390625,23858.650390625,23863.55078125,0.0,0.0
2026-07-23 13:50:00,23863.5,23868.5,23863.5,23866.0,0.0,0.0
2026-07-23 13:51:00,23865.599609375,23871.94921875,23865.400390625,23868.400390625,0.0,0.0
2026-07-23 13:52:00,23868.19921875,23868.55078125,23861.75,23865.25,0.0,0.0
2026-07-23 13:53:00,23864.69921875,23865.69921875,23858.44921875,23859.400390625,0.0,0.0
2026-07-23 13:54:00,23859.849609375,23860.55078125,23856.849609375,23856.94921875,0.0,0.0
2026-07-23 13:55:00,23857.55078125,23860.55078125,23854.94921875,23855.44921875,0.0,0.0
2026-07-23 13:56:00,23855.349609375,23863.25,23852.0,23862.650390625,0.0,0.0
2026-07-23 13:57:00,23862.55078125,23866.69921875,23861.25,23865.150390625,0.0,0.0
2026-07-23 13:58:00,23866.400390625,23866.849609375,23861.0,23861.150390625,0.0,0.0
2026-07-23 13:59:00,23861.94921875,23863.05078125,23859.05078125,23861.55078125,0.0,0.0
2026-07-23 14:00:00,23861.900390625,23864.19921875,23859.55078125,23862.05078125,0.0,0.0
2026-07-23 14:01:00,23862.44921875,23866.55078125,23860.849609375,23864.599609375,0.0,0.0
2026-07-23 14:02:00,23864.75,23865.650390625,23855.19921875,23859.099609375,0.0,0.0
2026-07-23 14:03:00,23860.650390625,23862.349609375,23857.55078125,23858.80078125,0.0,0.0
2026-07-23 14:04:00,23858.849609375,23867.44921875,23858.849609375,23864.349609375,0.0,0.0
2026-07-23 14:05:00,23864.150390625,23868.099609375,23862.0,23863.150390625,0.0,0.0
2026-07-23 14:06:00,23863.75,23865.0,23858.55078125,23859.349609375,0.0,0.0
2026-07-23 14:07:00,23859.80078125,23863.75,23857.25,23861.30078125,0.0,0.0
2026-07-23 14:08:00,23860.55078125,23861.25,23857.349609375,23860.099609375,0.0,0.0
2026-07-23 14:09:00,23861.19921875,23861.19921875,23852.349609375,23852.94921875,0.0,0.0
2026-07-23 14:10:00,23852.69921875,23855.75,23851.099609375,23854.25,0.0,0.0
2026-07-23 14:11:00,23854.349609375,23857.80078125,23853.5,23855.650390625,0.0,0.0
2026-07-23 14:12:00,23855.900390625,23860.80078125,23854.400390625,23856.80078125,0.0,0.0
2026-07-23 14:13:00,23857.150390625,23859.75,23853.69921875,23854.400390625,0.0,0.0
2026-07-23 14:14:00,23854.30078125,23854.900390625,23849.900390625,23850.94921875,0.0,0.0
2026-07-23 14:15:00,23850.599609375,23854.55078125,23846.80078125,23852.349609375,0.0,0.0
2026-07-23 14:16:00,23852.349609375,23861.94921875,23851.80078125,23860.69921875,0.0,0.0
2026-07-23 14:17:00,23860.80078125,23863.5,23857.900390625,23859.30078125,0.0,0.0
2026-07-23 14:18:00,23859.19921875,23859.900390625,23857.099609375,23857.349609375,0.0,0.0
2026-07-23 14:19:00,23857.44921875,23859.80078125,23851.55078125,23853.150390625,0.0,0.0
2026-07-23 14:20:00,23852.25,23858.94921875,23851.75,23857.30078125,0.0,0.0
2026-07-23 14:21:00,23857.5,23862.5,23855.19921875,23862.30078125,0.0,0.0
2026-07-23 14:22:00,23861.75,23864.80078125,23859.80078125,23862.5,0.0,0.0
2026-07-23 14:23:00,23861.5,23866.80078125,23860.44921875,23864.849609375,0.0,0.0
2026-07-23 14:24:00,23864.099609375,23869.30078125,23861.94921875,23863.849609375,0.0,0.0
2026-07-23 14:25:00,23864.19921875,23866.599609375,23858.05078125,23859.099609375,0.0,0.0
2026-07-23 14:26:00,23859.650390625,23867.599609375,23858.94921875,23865.5,0.0,0.0
2026-07-23 14:27:00,23865.05078125,23866.5,23861.94921875,23863.19921875,0.0,0.0
2026-07-23 14:28:00,23863.099609375,23864.05078125,23857.75,23859.849609375,0.0,0.0
2026-07-23 14:29:00,23859.849609375,23864.099609375,23857.5,23859.099609375,0.0,0.0
2026-07-23 14:30:00,23859.650390625,23865.0,23853.349609375,23853.599609375,0.0,0.0
2026-07-23 14:31:00,23853.900390625,23858.599609375,23852.30078125,23857.19921875,0.0,0.0
2026-07-23 14:32:00,23857.099609375,23860.599609375,23854.0,23859.099609375,0.0,0.0
2026-07-23 14:33:00,23859.599609375,23888.19921875,23856.099609375,23883.80078125,0.0,0.0
2026-07-23 14:34:00,23884.5,23889.0,23881.30078125,23888.94921875,0.0,0.0
2026-07-23 14:35:00,23888.80078125,23891.25,23882.599609375,23885.69921875,0.0,0.0
2026-07-23 14:36:00,23885.69921875,23886.849609375,23879.099609375,23879.400390625,0.0,0.0
2026-07-23 14:37:00,23878.900390625,23880.25,23865.5,23865.849609375,0.0,0.0
2026-07-23 14:38:00,23865.599609375,23866.94921875,23855.55078125,23855.849609375,0.0,0.0
2026-07-23 14:39:00,23856.650390625,23857.599609375,23850.849609375,23851.900390625,0.0,0.0
2026-07-23 14:40:00,23851.5,23853.30078125,23847.349609375,23850.650390625,0.0,0.0
2026-07-23 14:41:00,23850.94921875,23851.349609375,23842.94921875,23845.30078125,0.0,0.0
2026-07-23 14:42:00,23843.599609375,23845.400390625,23835.849609375,23836.0,0.0,0.0
2026-07-23 14:43:00,23835.80078125,23840.599609375,23829.5,23838.80078125,0.0,0.0
2026-07-23 14:44:00,23839.25,23842.19921875,23835.75,23835.75,0.0,0.0
2026-07-23 14:45:00,23835.75,23838.55078125,23832.30078125,23833.349609375,0.0,0.0
2026-07-23 14:46:00,23834.05078125,23835.69921875,23827.650390625,23829.94921875,0.0,0.0
2026-07-23 14:47:00,23830.0,23830.0,23825.900390625,23827.0,0.0,0.0
2026-07-23 14:48:00,23828.0,23828.94921875,23819.30078125,23821.150390625,0.0,0.0
2026-07-23 14:49:00,23823.349609375,23823.349609375,23816.94921875,23818.44921875,0.0,0.0
2026-07-23 14:50:00,23817.94921875,23818.400390625,23813.44921875,23813.599609375,0.0,0.0
2026-07-23 14:51:00,23813.650390625,23814.900390625,23808.150390625,23809.5,0.0,0.0
2026-07-23 14:52:00,23808.80078125,23820.650390625,23807.349609375,23819.099609375,0.0,0.0
2026-07-23 14:53:00,23819.05078125,23821.849609375,23813.69921875,23821.69921875,0.0,0.0
2026-07-23 14:54:00,23821.349609375,23827.80078125,23818.75,23824.44921875,0.0,0.0
2026-07-23 14:55:00,23823.80078125,23828.94921875,23823.55078125,23826.349609375,0.0,0.0
2026-07-23 14:56:00,23827.0,23830.400390625,23824.0,23824.80078125,0.0,0.0
2026-07-23 14:57:00,23825.650390625,23833.349609375,23824.55078125,23832.5,0.0,0.0
2026-07-23 14:58:00,23832.650390625,23837.44921875,23831.55078125,23835.599609375,0.0,0.0
2026-07-23 14:59:00,23836.30078125,23843.30078125,23833.94921875,23840.150390625,0.0,0.0
2026-07-23 15:00:00,23840.349609375,23845.19921875,23830.400390625,23839.099609375,0.0,0.0
2026-07-23 15:01:00,23839.0,23852.94921875,23838.849609375,23849.80078125,0.0,0.0
2026-07-23 15:02:00,23850.19921875,23869.30078125,23847.599609375,23867.849609375,0.0,0.0
2026-07-23 15:03:00,23869.44921875,23871.94921875,23850.94921875,23852.0,0.0,0.0
2026-07-23 15:04:00,23851.80078125,23852.5,23842.80078125,23847.30078125,0.0,0.0
2026-07-23 15:05:00,23847.05078125,23857.5,23846.80078125,23854.30078125,0.0,0.0
2026-07-23 15:06:00,23855.349609375,23863.05078125,23854.650390625,23859.900390625,0.0,0.0
2026-07-23 15:07:00,23860.150390625,23869.80078125,23856.80078125,23869.650390625,0.0,0.0
2026-07-23 15:08:00,23869.30078125,23877.94921875,23869.0,23875.849609375,0.0,0.0
2026-07-23 15:09:00,23876.349609375,23880.0,23867.94921875,23869.599609375,0.0,0.0
2026-07-23 15:10:00,23868.94921875,23871.75,23863.75,23865.19921875,0.0,0.0
2026-07-23 15:11:00,23864.599609375,23870.849609375,23864.599609375,23869.44921875,0.0,0.0
2026-07-23 15:12:00,23869.19921875,23872.5,23862.55078125,23862.55078125,0.0,0.0
2026-07-23 15:13:00,23863.19921875,23869.650390625,23860.599609375,23868.400390625,0.0,0.0
2026-07-23 15:14:00,23868.80078125,23875.150390625,23867.55078125,23872.400390625,0.0,0.0
2026-07-23 15:15:00,23873.05078125,23878.099609375,23870.69921875,23871.55078125,0.0,0.0
2026-07-23 15:16:00,23872.94921875,23873.0,23863.19921875,23863.19921875,0.0,0.0
2026-07-23 15:17:00,23863.55078125,23865.80078125,23861.650390625,23863.80078125,0.0,0.0
2026-07-23 15:18:00,23862.5,23870.099609375,23858.55078125,23869.75,0.0,0.0
2026-07-23 15:19:00,23868.5,23871.5,23867.349609375,23867.849609375,0.0,0.0
2026-07-23 15:20:00,23866.650390625,23871.05078125,23866.349609375,23869.75,0.0,0.0
2026-07-23 15:21:00,23869.099609375,23872.400390625,23868.25,23871.44921875,0.0,0.0
2026-07-23 15:22:00,23871.75,23873.0,23859.900390625,23864.30078125,0.0,0.0
2026-07-23 15:23:00,23863.80078125,23880.650390625,23863.80078125,23880.650390625,0.0,0.0
2026-07-23 15:24:00,23879.849609375,23883.650390625,23876.05078125,23881.75,0.0,0.0
2026-07-23 15:25:00,23881.94921875,23889.900390625,23878.900390625,23880.05078125,0.0,0.0
2026-07-23 15:26:00,23879.19921875,23885.400390625,23878.94921875,23884.349609375,0.0,0.0
2026-07-23 15:27:00,23883.69921875,23889.05078125,23878.650390625,23880.69921875,0.0,0.0
2026-07-23 15:28:00,23880.150390625,23882.349609375,23869.5,23875.400390625,0.0,0.0
2026-07-23 15:29:00,23875.599609375,23881.30078125,23863.900390625,23872.19921875,0.0,0.0
2026-07-24 09:15:00,23674.400390625,23699.94921875,23650.30078125,23692.5,0.0,0.0
2026-07-24 09:16:00,23691.349609375,23715.94921875,23684.55078125,23715.94921875,0.0,0.0
2026-07-24 09:17:00,23716.599609375,23724.150390625,23703.69921875,23723.349609375,0.0,0.0
2026-07-24 09:18:00,23722.599609375,23738.650390625,23720.44921875,23737.80078125,0.0,0.0
2026-07-24 09:19:00,23737.650390625,23752.05078125,23737.650390625,23751.69921875,0.0,0.0
2026-07-24 09:20:00,23751.69921875,23762.75,23742.400390625,23754.5,0.0,0.0
2026-07-24 09:21:00,23755.150390625,23760.849609375,23750.19921875,23751.400390625,0.0,0.0
2026-07-24 09:22:00,23751.55078125,23759.849609375,23750.55078125,23755.900390625,0.0,0.0
2026-07-24 09:23:00,23756.099609375,23760.19921875,23739.849609375,23741.05078125,0.0,0.0
2026-07-24 09:24:00,23740.099609375,23746.80078125,23731.099609375,23731.400390625,0.0,0.0
2026-07-24 09:25:00,23732.69921875,23732.69921875,23712.80078125,23714.349609375,0.0,0.0
2026-07-24 09:26:00,23714.400390625,23715.849609375,23707.650390625,23711.55078125,0.0,0.0
2026-07-24 09:27:00,23710.400390625,23711.849609375,23695.30078125,23699.55078125,0.0,0.0
2026-07-24 09:28:00,23698.75,23702.05078125,23696.05078125,23697.25,0.0,0.0
2026-07-24 09:29:00,23698.0,23704.80078125,23693.25,23703.55078125,0.0,0.0
2026-07-24 09:30:00,23703.400390625,23713.0,23702.349609375,23710.650390625,0.0,0.0
2026-07-24 09:31:00,23710.650390625,23712.75,23697.849609375,23700.44921875,0.0,0.0
2026-07-24 09:32:00,23700.75,23703.150390625,23694.650390625,23700.150390625,0.0,0.0
2026-07-24 09:33:00,23700.30078125,23703.0,23697.650390625,23700.94921875,0.0,0.0
2026-07-24 09:34:00,23701.400390625,23707.30078125,23686.75,23688.599609375,0.0,0.0
2026-07-24 09:35:00,23688.80078125,23696.19921875,23683.849609375,23691.599609375,0.0,0.0
2026-07-24 09:36:00,23690.55078125,23692.44921875,23677.349609375,23678.55078125,0.0,0.0
2026-07-24 09:37:00,23678.849609375,23680.650390625,23671.30078125,23678.0,0.0,0.0
2026-07-24 09:38:00,23678.349609375,23681.0,23672.69921875,23676.849609375,0.0,0.0
2026-07-24 09:39:00,23676.599609375,23677.400390625,23668.30078125,23669.44921875,0.0,0.0
2026-07-24 09:40:00,23669.80078125,23675.80078125,23668.75,23671.849609375,0.0,0.0
2026-07-24 09:41:00,23672.099609375,23675.05078125,23668.0,23673.94921875,0.0,0.0
2026-07-24 09:42:00,23675.25,23677.099609375,23661.25,23662.349609375,0.0,0.0
2026-07-24 09:43:00,23661.75,23662.69921875,23652.599609375,23654.150390625,0.0,0.0
2026-07-24 09:44:00,23653.75,23659.44921875,23652.94921875,23656.69921875,0.0,0.0
2026-07-24 09:45:00,23657.400390625,23662.099609375,23654.900390625,23659.900390625,0.0,0.0
2026-07-24 09:46:00,23660.349609375,23664.599609375,23652.30078125,23653.900390625,0.0,0.0
2026-07-24 09:47:00,23653.5,23655.349609375,23650.650390625,23654.849609375,0.0,0.0
2026-07-24 09:48:00,23655.150390625,23656.05078125,23644.0,23645.150390625,0.0,0.0
2026-07-24 09:49:00,23645.0,23650.80078125,23641.94921875,23649.0,0.0,0.0
2026-07-24 09:50:00,23648.69921875,23650.150390625,23635.75,23643.599609375,0.0,0.0
2026-07-24 09:51:00,23643.55078125,23648.30078125,23637.80078125,23638.55078125,0.0,0.0
2026-07-24 09:52:00,23638.650390625,23639.75,23631.599609375,23639.75,0.0,0.0
2026-07-24 09:53:00,23639.150390625,23655.349609375,23638.69921875,23654.30078125,0.0,0.0
2026-07-24 09:54:00,23653.69921875,23657.05078125,23651.80078125,23653.69921875,0.0,0.0
2026-07-24 09:55:00,23654.75,23656.25,23651.55078125,23653.099609375,0.0,0.0
2026-07-24 09:56:00,23653.0,23655.80078125,23651.25,23652.0,0.0,0.0
2026-07-24 09:57:00,23651.69921875,23663.099609375,23651.69921875,23661.44921875,0.0,0.0
2026-07-24 09:58:00,23661.400390625,23664.75,23655.400390625,23656.55078125,0.0,0.0
2026-07-24 09:59:00,23656.80078125,23658.0,23645.849609375,23646.05078125,0.0,0.0
2026-07-24 10:00:00,23647.05078125,23648.099609375,23639.75,23644.55078125,0.0,0.0
2026-07-24 10:01:00,23644.30078125,23645.94921875,23639.349609375,23640.94921875,0.0,0.0
2026-07-24 10:02:00,23641.05078125,23642.05078125,23626.44921875,23627.349609375,0.0,0.0
2026-07-24 10:03:00,23627.30078125,23629.599609375,23619.75,23623.349609375,0.0,0.0
2026-07-24 10:04:00,23623.25,23629.30078125,23622.80078125,23624.650390625,0.0,0.0
2026-07-24 10:05:00,23625.19921875,23627.599609375,23621.94921875,23623.05078125,0.0,0.0
2026-07-24 10:06:00,23623.05078125,23625.5,23613.05078125,23613.25,0.0,0.0
2026-07-24 10:07:00,23612.849609375,23625.55078125,23612.849609375,23623.94921875,0.0,0.0
2026-07-24 10:08:00,23623.849609375,23629.25,23623.05078125,23624.69921875,0.0,0.0
2026-07-24 10:09:00,23624.099609375,23625.69921875,23618.650390625,23619.05078125,0.0,0.0
2026-07-24 10:10:00,23619.0,23624.94921875,23616.69921875,23618.5,0.0,0.0
2026-07-24 10:11:00,23618.25,23619.94921875,23614.599609375,23616.099609375,0.0,0.0
2026-07-24 10:12:00,23616.44921875,23618.400390625,23611.599609375,23613.69921875,0.0,0.0
2026-07-24 10:13:00,23613.5,23615.150390625,23611.349609375,23612.30078125,0.0,0.0
2026-07-24 10:14:00,23612.30078125,23613.44921875,23607.599609375,23608.69921875,0.0,0.0
2026-07-24 10:15:00,23608.30078125,23616.599609375,23607.5,23615.75,0.0,0.0
2026-07-24 10:16:00,23614.94921875,23623.150390625,23611.55078125,23622.650390625,0.0,0.0
2026-07-24 10:17:00,23622.25,23627.650390625,23621.80078125,23624.69921875,0.0,0.0
2026-07-24 10:18:00,23624.25,23625.80078125,23613.650390625,23614.400390625,0.0,0.0
2026-07-24 10:19:00,23613.94921875,23618.099609375,23607.75,23611.900390625,0.0,0.0
2026-07-24 10:20:00,23611.349609375,23617.75,23610.05078125,23615.05078125,0.0,0.0
2026-07-24 10:21:00,23615.599609375,23617.349609375,23611.25,23611.69921875,0.0,0.0
2026-07-24 10:22:00,23611.19921875,23614.900390625,23607.150390625,23610.30078125,0.0,0.0
2026-07-24 10:23:00,23609.19921875,23614.400390625,23606.44921875,23613.349609375,0.0,0.0
2026-07-24 10:24:00,23612.94921875,23622.900390625,23612.599609375,23620.0,0.0,0.0
2026-07-24 10:25:00,23619.80078125,23623.5,23615.400390625,23615.75,0.0,0.0
2026-07-24 10:26:00,23615.849609375,23617.400390625,23613.44921875,23615.75,0.0,0.0
2026-07-24 10:27:00,23616.44921875,23622.05078125,23616.0,23619.75,0.0,0.0
2026-07-24 10:28:00,23620.30078125,23622.75,23617.19921875,23620.349609375,0.0,0.0
2026-07-24 10:29:00,23620.099609375,23623.55078125,23619.44921875,23622.25,0.0,0.0
2026-07-24 10:30:00,23622.19921875,23623.150390625,23617.650390625,23618.75,0.0,0.0
2026-07-24 10:31:00,23618.19921875,23622.25,23612.55078125,23612.69921875,0.0,0.0
2026-07-24 10:32:00,23612.849609375,23615.5,23610.900390625,23612.400390625,0.0,0.0
2026-07-24 10:33:00,23611.75,23626.25,23611.349609375,23623.349609375,0.0,0.0
2026-07-24 10:34:00,23623.25,23623.94921875,23613.349609375,23614.900390625,0.0,0.0
2026-07-24 10:35:00,23614.150390625,23617.19921875,23612.0,23615.650390625,0.0,0.0
2026-07-24 10:36:00,23615.44921875,23619.400390625,23612.599609375,23616.25,0.0,0.0
2026-07-24 10:37:00,23621.150390625,23626.150390625,23618.44921875,23622.30078125,0.0,0.0
2026-07-24 10:38:00,23622.650390625,23628.349609375,23622.400390625,23627.0,0.0,0.0
2026-07-24 10:39:00,23627.30078125,23641.69921875,23627.30078125,23637.150390625,0.0,0.0
2026-07-24 10:40:00,23637.349609375,23637.44921875,23629.55078125,23632.849609375,0.0,0.0
2026-07-24 10:41:00,23633.349609375,23636.5,23630.599609375,23635.80078125,0.0,0.0
2026-07-24 10:42:00,23635.650390625,23641.900390625,23634.69921875,23640.19921875,0.0,0.0
2026-07-24 10:43:00,23640.599609375,23646.05078125,23640.0,23643.75,0.0,0.0
2026-07-24 10:44:00,23644.400390625,23645.849609375,23637.75,23640.900390625,0.0,0.0
2026-07-24 10:45:00,23640.400390625,23643.94921875,23639.94921875,23640.94921875,0.0,0.0
2026-07-24 10:46:00,23641.75,23645.900390625,23640.599609375,23644.650390625,0.0,0.0
2026-07-24 10:47:00,23644.94921875,23651.25,23644.150390625,23646.25,0.0,0.0
2026-07-24 10:48:00,23646.099609375,23647.900390625,23644.0,23646.599609375,0.0,0.0
2026-07-24 10:49:00,23646.25,23649.599609375,23644.0,23649.099609375,0.0,0.0
2026-07-24 10:50:00,23649.25,23652.25,23648.69921875,23649.19921875,0.0,0.0
2026-07-24 10:51:00,23650.0,23651.900390625,23642.94921875,23643.5,0.0,0.0
2026-07-24 10:52:00,23644.25,23646.900390625,23638.94921875,23640.05078125,0.0,0.0
2026-07-24 10:53:00,23640.849609375,23642.05078125,23635.55078125,23638.5,0.0,0.0
2026-07-24 10:54:00,23638.19921875,23640.599609375,23634.849609375,23637.05078125,0.0,0.0
2026-07-24 10:55:00,23637.0,23638.650390625,23629.05078125,23629.05078125,0.0,0.0
2026-07-24 10:56:00,23628.80078125,23633.30078125,23628.75,23632.349609375,0.0,0.0
2026-07-24 10:57:00,23632.0,23633.19921875,23628.650390625,23629.099609375,0.0,0.0
2026-07-24 10:58:00,23629.05078125,23631.19921875,23627.400390625,23627.94921875,0.0,0.0
2026-07-24 10:59:00,23627.900390625,23630.599609375,23626.30078125,23627.650390625,0.0,0.0
2026-07-24 11:00:00,23627.30078125,23631.44921875,23624.05078125,23624.150390625,0.0,0.0
2026-07-24 11:01:00,23625.150390625,23628.0,23624.19921875,23627.30078125,0.0,0.0
2026-07-24 11:02:00,23627.349609375,23631.650390625,23625.900390625,23630.599609375,0.0,0.0
2026-07-24 11:03:00,23630.25,23631.75,23624.900390625,23625.44921875,0.0,0.0
2026-07-24 11:04:00,23626.19921875,23634.5,23625.69921875,23633.650390625,0.0,0.0
2026-07-24 11:05:00,23633.44921875,23637.400390625,23629.900390625,23630.650390625,0.0,0.0
2026-07-24 11:06:00,23630.400390625,23632.650390625,23628.19921875,23630.099609375,0.0,0.0
2026-07-24 11:07:00,23630.94921875,23631.44921875,23627.0,23627.69921875,0.0,0.0
2026-07-24 11:08:00,23627.099609375,23628.80078125,23623.599609375,23627.05078125,0.0,0.0
2026-07-24 11:09:00,23626.69921875,23630.55078125,23625.05078125,23628.849609375,0.0,0.0
2026-07-24 11:10:00,23629.400390625,23634.5,23628.44921875,23629.30078125,0.0,0.0
2026-07-24 11:11:00,23629.30078125,23630.55078125,23623.69921875,23625.55078125,0.0,0.0
2026-07-24 11:12:00,23625.55078125,23626.94921875,23617.099609375,23623.75,0.0,0.0
2026-07-24 11:13:00,23623.599609375,23626.75,23621.94921875,23623.55078125,0.0,0.0
2026-07-24 11:14:00,23623.349609375,23627.5,23623.150390625,23624.25,0.0,0.0
2026-07-24 11:15:00,23624.25,23631.05078125,23622.599609375,23630.69921875,0.0,0.0
2026-07-24 11:16:00,23631.5,23636.19921875,23630.599609375,23635.05078125,0.0,0.0
2026-07-24 11:17:00,23635.05078125,23640.94921875,23634.44921875,23640.19921875,0.0,0.0
2026-07-24 11:18:00,23640.19921875,23648.849609375,23639.30078125,23645.349609375,0.0,0.0
2026-07-24 11:19:00,23646.25,23655.05078125,23645.94921875,23651.80078125,0.0,0.0
2026-07-24 11:20:00,23651.80078125,23668.650390625,23650.849609375,23666.099609375,0.0,0.0
2026-07-24 11:21:00,23667.150390625,23670.30078125,23661.05078125,23661.849609375,0.0,0.0
2026-07-24 11:22:00,23662.05078125,23668.75,23660.94921875,23668.400390625,0.0,0.0
2026-07-24 11:23:00,23668.400390625,23673.400390625,23667.30078125,23673.19921875,0.0,0.0
2026-07-24 11:24:00,23673.0,23678.150390625,23669.650390625,23670.19921875,0.0,0.0
2026-07-24 11:25:00,23670.349609375,23673.599609375,23668.650390625,23670.650390625,0.0,0.0
2026-07-24 11:26:00,23671.25,23672.400390625,23664.650390625,23669.400390625,0.0,0.0
2026-07-24 11:27:00,23670.0,23671.25,23662.599609375,23662.94921875,0.0,0.0
2026-07-24 11:28:00,23662.94921875,23667.94921875,23661.05078125,23663.30078125,0.0,0.0
2026-07-24 11:29:00,23662.650390625,23666.44921875,23655.19921875,23655.69921875,0.0,0.0
2026-07-24 11:30:00,23655.69921875,23657.599609375,23650.099609375,23654.19921875,0.0,0.0
2026-07-24 11:31:00,23654.099609375,23655.55078125,23650.44921875,23651.5,0.0,0.0
2026-07-24 11:32:00,23652.5,23658.349609375,23649.150390625,23651.5,0.0,0.0
2026-07-24 11:33:00,23651.150390625,23657.0,23649.5,23653.650390625,0.0,0.0
2026-07-24 11:34:00,23654.150390625,23656.69921875,23652.5,23653.349609375,0.0,0.0
2026-07-24 11:35:00,23654.05078125,23660.0,23653.650390625,23659.44921875,0.0,0.0
2026-07-24 11:36:00,23659.25,23661.30078125,23655.55078125,23655.55078125,0.0,0.0
2026-07-24 11:37:00,23656.5,23664.0,23651.25,23663.19921875,0.0,0.0
2026-07-24 11:38:00,23663.099609375,23664.69921875,23659.349609375,23659.94921875,0.0,0.0
2026-07-24 11:39:00,23659.94921875,23665.05078125,23659.80078125,23663.19921875,0.0,0.0
2026-07-24 11:40:00,23663.44921875,23667.099609375,23662.400390625,23666.80078125,0.0,0.0
2026-07-24 11:41:00,23666.55078125,23671.25,23665.80078125,23670.19921875,0.0,0.0
2026-07-24 11:42:00,23670.55078125,23675.94921875,23670.099609375,23675.75,0.0,0.0
2026-07-24 11:43:00,23675.94921875,23686.349609375,23675.44921875,23684.650390625,0.0,0.0
2026-07-24 11:44:00,23685.400390625,23687.5,23680.400390625,23682.19921875,0.0,0.0
2026-07-24 11:45:00,23682.25,23687.5,23682.19921875,23686.05078125,0.0,0.0
2026-07-24 11:46:00,23685.900390625,23691.25,23685.30078125,23690.650390625,0.0,0.0
2026-07-24 11:47:00,23691.099609375,23697.900390625,23690.150390625,23695.849609375,0.0,0.0
2026-07-24 11:48:00,23696.05078125,23697.900390625,23694.05078125,23695.55078125,0.0,0.0
2026-07-24 11:49:00,23695.80078125,23699.849609375,23695.150390625,23698.25,0.0,0.0
2026-07-24 11:50:00,23698.44921875,23706.94921875,23698.30078125,23706.55078125,0.0,0.0
2026-07-24 11:51:00,23706.55078125,23709.19921875,23701.150390625,23702.349609375,0.0,0.0
2026-07-24 11:52:00,23702.599609375,23706.30078125,23701.849609375,23706.19921875,0.0,0.0
2026-07-24 11:53:00,23706.44921875,23710.69921875,23705.150390625,23708.44921875,0.0,0.0
2026-07-24 11:54:00,23708.349609375,23710.05078125,23704.0,23704.05078125,0.0,0.0
2026-07-24 11:55:00,23702.44921875,23704.349609375,23695.0,23697.0,0.0,0.0
2026-07-24 11:56:00,23696.75,23703.69921875,23695.75,23702.650390625,0.0,0.0
2026-07-24 11:57:00,23702.599609375,23704.5,23699.150390625,23703.80078125,0.0,0.0
2026-07-24 11:58:00,23703.5,23704.849609375,23699.900390625,23701.0,0.0,0.0
2026-07-24 11:59:00,23700.349609375,23701.650390625,23693.599609375,23696.69921875,0.0,0.0
2026-07-24 12:00:00,23697.25,23698.19921875,23689.25,23690.80078125,0.0,0.0
2026-07-24 12:01:00,23690.75,23697.55078125,23690.400390625,23696.19921875,0.0,0.0
2026-07-24 12:02:00,23696.0,23697.44921875,23693.599609375,23695.650390625,0.0,0.0
2026-07-24 12:03:00,23695.75,23701.400390625,23694.849609375,23698.400390625,0.0,0.0
2026-07-24 12:04:00,23698.25,23713.94921875,23698.05078125,23713.94921875,0.0,0.0
2026-07-24 12:05:00,23713.849609375,23716.19921875,23709.0,23715.75,0.0,0.0
2026-07-24 12:06:00,23715.599609375,23717.900390625,23711.25,23715.5,0.0,0.0
2026-07-24 12:07:00,23715.5,23716.349609375,23710.80078125,23712.5,0.0,0.0
2026-07-24 12:08:00,23712.650390625,23713.19921875,23709.30078125,23710.849609375,0.0,0.0
2026-07-24 12:09:00,23711.0,23715.30078125,23710.44921875,23713.05078125,0.0,0.0
2026-07-24 12:10:00,23713.19921875,23715.19921875,23705.849609375,23707.0,0.0,0.0
2026-07-24 12:11:00,23706.900390625,23710.5,23705.5,23708.30078125,0.0,0.0
2026-07-24 12:12:00,23708.099609375,23709.75,23707.150390625,23707.75,0.0,0.0
2026-07-24 12:13:00,23707.80078125,23710.05078125,23704.80078125,23705.349609375,0.0,0.0
2026-07-24 12:14:00,23706.150390625,23706.900390625,23701.849609375,23702.849609375,0.0,0.0
2026-07-24 12:15:00,23702.44921875,23708.05078125,23701.349609375,23706.5,0.0,0.0
2026-07-24 12:16:00,23706.55078125,23713.0,23706.400390625,23709.599609375,0.0,0.0
2026-07-24 12:17:00,23709.55078125,23717.25,23706.900390625,23715.44921875,0.0,0.0
2026-07-24 12:18:00,23715.349609375,23719.5,23712.599609375,23714.30078125,0.0,0.0
2026-07-24 12:19:00,23714.75,23718.5,23714.30078125,23717.25,0.0,0.0
2026-07-24 12:20:00,23717.05078125,23719.400390625,23713.75,23718.400390625,0.0,0.0
2026-07-24 12:21:00,23718.69921875,23722.150390625,23717.849609375,23718.150390625,0.0,0.0
2026-07-24 12:22:00,23718.19921875,23722.19921875,23716.44921875,23721.55078125,0.0,0.0
2026-07-24 12:23:00,23722.55078125,23729.55078125,23721.650390625,23728.0,0.0,0.0
2026-07-24 12:24:00,23727.69921875,23739.849609375,23727.69921875,23737.44921875,0.0,0.0
2026-07-24 12:25:00,23737.44921875,23744.5,23736.900390625,23744.5,0.0,0.0
2026-07-24 12:26:00,23743.80078125,23757.849609375,23743.80078125,23756.44921875,0.0,0.0
2026-07-24 12:27:00,23756.650390625,23760.30078125,23755.599609375,23759.349609375,0.0,0.0
2026-07-24 12:28:00,23759.099609375,23788.650390625,23759.099609375,23787.75,0.0,0.0
2026-07-24 12:29:00,23788.30078125,23792.099609375,23780.900390625,23784.25,0.0,0.0
2026-07-24 12:30:00,23783.80078125,23788.650390625,23778.69921875,23781.80078125,0.0,0.0
2026-07-24 12:31:00,23783.19921875,23794.30078125,23782.599609375,23791.400390625,0.0,0.0
2026-07-24 12:32:00,23791.400390625,23791.849609375,23787.30078125,23788.80078125,0.0,0.0
2026-07-24 12:33:00,23789.150390625,23790.44921875,23771.650390625,23773.44921875,0.0,0.0
2026-07-24 12:34:00,23773.69921875,23774.849609375,23760.599609375,23766.5,0.0,0.0
2026-07-24 12:35:00,23766.849609375,23771.599609375,23765.150390625,23765.349609375,0.0,0.0
2026-07-24 12:36:00,23765.55078125,23773.900390625,23765.55078125,23773.400390625,0.0,0.0
2026-07-24 12:37:00,23773.05078125,23775.19921875,23764.099609375,23764.150390625,0.0,0.0
2026-07-24 12:38:00,23764.05078125,23764.94921875,23756.0,23759.599609375,0.0,0.0
2026-07-24 12:39:00,23759.400390625,23773.650390625,23759.400390625,23771.19921875,0.0,0.0
2026-07-24 12:40:00,23771.94921875,23775.69921875,23769.55078125,23773.05078125,0.0,0.0
2026-07-24 12:41:00,23773.25,23778.650390625,23773.05078125,23775.0,0.0,0.0
2026-07-24 12:42:00,23775.05078125,23780.5,23773.94921875,23775.55078125,0.0,0.0
2026-07-24 12:43:00,23776.19921875,23790.599609375,23775.849609375,23789.19921875,0.0,0.0
2026-07-24 12:44:00,23788.900390625,23796.400390625,23788.80078125,23793.650390625,0.0,0.0
2026-07-24 12:45:00,23793.80078125,23797.25,23791.25,23796.05078125,0.0,0.0
2026-07-24 12:46:00,23796.5,23798.0,23786.55078125,23786.75,0.0,0.0
2026-07-24 12:47:00,23787.400390625,23793.599609375,23784.650390625,23792.900390625,0.0,0.0
2026-07-24 12:48:00,23793.19921875,23802.349609375,23791.69921875,23801.05078125,0.0,0.0
2026-07-24 12:49:00,23801.5,23805.19921875,23798.5,23799.900390625,0.0,0.0
2026-07-24 12:50:00,23798.94921875,23805.849609375,23798.94921875,23804.30078125,0.0,0.0
2026-07-24 12:51:00,23803.75,23805.5,23794.5,23794.75,0.0,0.0
2026-07-24 12:52:00,23794.900390625,23797.80078125,23793.349609375,23793.44921875,0.0,0.0
2026-07-24 12:53:00,23793.55078125,23797.650390625,23793.19921875,23797.650390625,0.0,0.0
2026-07-24 12:54:00,23797.5,23799.349609375,23795.099609375,23795.44921875,0.0,0.0
2026-07-24 12:55:00,23795.55078125,23799.400390625,23790.69921875,23799.400390625,0.0,0.0
2026-07-24 12:56:00,23799.25,23808.55078125,23798.849609375,23804.94921875,0.0,0.0
2026-07-24 12:57:00,23805.30078125,23806.5,23796.900390625,23798.400390625,0.0,0.0
2026-07-24 12:58:00,23798.349609375,23800.349609375,23796.55078125,23799.19921875,0.0,0.0
2026-07-24 12:59:00,23798.94921875,23800.900390625,23794.849609375,23797.5,0.0,0.0
2026-07-24 13:00:00,23797.349609375,23798.69921875,23793.75,23795.349609375,0.0,0.0
2026-07-24 13:01:00,23794.650390625,23800.25,23791.30078125,23792.099609375,0.0,0.0
2026-07-24 13:02:00,23792.05078125,23795.650390625,23788.400390625,23789.25,0.0,0.0
2026-07-24 13:03:00,23789.44921875,23790.349609375,23776.900390625,23777.69921875,0.0,0.0
2026-07-24 13:04:00,23777.44921875,23777.900390625,23771.44921875,23774.650390625,0.0,0.0
2026-07-24 13:05:00,23774.5,23775.25,23766.25,23766.849609375,0.0,0.0
2026-07-24 13:06:00,23767.150390625,23768.80078125,23763.30078125,23764.0,0.0,0.0
2026-07-24 13:07:00,23765.05078125,23773.400390625,23765.05078125,23772.19921875,0.0,0.0
2026-07-24 13:08:00,23772.55078125,23773.75,23764.150390625,23764.900390625,0.0,0.0
2026-07-24 13:09:00,23765.19921875,23769.099609375,23763.55078125,23767.5,0.0,0.0
2026-07-24 13:10:00,23767.849609375,23774.25,23767.5,23771.75,0.0,0.0
2026-07-24 13:11:00,23771.5,23773.0,23768.25,23768.900390625,0.0,0.0
2026-07-24 13:12:00,23768.400390625,23772.900390625,23767.80078125,23770.400390625,0.0,0.0
2026-07-24 13:13:00,23770.349609375,23777.400390625,23769.25,23777.400390625,0.0,0.0
2026-07-24 13:14:00,23777.099609375,23784.44921875,23776.349609375,23783.849609375,0.0,0.0
2026-07-24 13:15:00,23783.75,23786.599609375,23777.900390625,23778.55078125,0.0,0.0
2026-07-24 13:16:00,23778.75,23782.75,23775.19921875,23782.30078125,0.0,0.0
2026-07-24 13:17:00,23782.349609375,23785.0,23779.5,23784.69921875,0.0,0.0
2026-07-24 13:18:00,23783.94921875,23787.55078125,23783.80078125,23786.900390625,0.0,0.0
2026-07-24 13:19:00,23786.900390625,23792.900390625,23786.599609375,23790.900390625,0.0,0.0
2026-07-24 13:20:00,23792.19921875,23793.30078125,23786.19921875,23786.19921875,0.0,0.0
2026-07-24 13:21:00,23786.80078125,23790.650390625,23784.44921875,23790.650390625,0.0,0.0
2026-07-24 13:22:00,23790.349609375,23797.400390625,23789.400390625,23789.80078125,0.0,0.0
2026-07-24 13:23:00,23790.0,23792.099609375,23786.599609375,23790.349609375,0.0,0.0
2026-07-24 13:24:00,23790.25,23796.849609375,23789.80078125,23791.05078125,0.0,0.0
2026-07-24 13:25:00,23790.849609375,23793.19921875,23787.75,23788.94921875,0.0,0.0
2026-07-24 13:26:00,23788.900390625,23792.849609375,23786.75,23791.30078125,0.0,0.0
2026-07-24 13:27:00,23790.900390625,23799.94921875,23790.900390625,23799.94921875,0.0,0.0
2026-07-24 13:28:00,23798.19921875,23800.05078125,23793.599609375,23793.75,0.0,0.0
2026-07-24 13:29:00,23795.900390625,23797.44921875,23789.69921875,23790.650390625,0.0,0.0
2026-07-24 13:30:00,23790.599609375,23791.650390625,23785.80078125,23787.19921875,0.0,0.0
2026-07-24 13:31:00,23787.30078125,23787.75,23777.0,23777.19921875,0.0,0.0
2026-07-24 13:32:00,23777.900390625,23778.94921875,23770.849609375,23771.94921875,0.0,0.0
2026-07-24 13:33:00,23772.05078125,23773.80078125,23766.900390625,23768.849609375,0.0,0.0
2026-07-24 13:34:00,23769.150390625,23770.94921875,23764.400390625,23765.69921875,0.0,0.0
2026-07-24 13:35:00,23765.19921875,23766.55078125,23752.19921875,23753.69921875,0.0,0.0
2026-07-24 13:36:00,23753.25,23763.0,23752.599609375,23760.94921875,0.0,0.0
2026-07-24 13:37:00,23761.099609375,23764.0,23760.25,23761.150390625,0.0,0.0
2026-07-24 13:38:00,23761.30078125,23766.19921875,23761.30078125,23763.099609375,0.0,0.0
2026-07-24 13:39:00,23763.0,23768.30078125,23762.44921875,23766.30078125,0.0,0.0
2026-07-24 13:40:00,23767.19921875,23768.150390625,23761.150390625,23761.349609375,0.0,0.0
2026-07-24 13:41:00,23761.25,23762.849609375,23743.650390625,23743.650390625,0.0,0.0
2026-07-24 13:42:00,23744.599609375,23746.849609375,23736.0,23740.94921875,0.0,0.0
2026-07-24 13:43:00,23741.05078125,23741.94921875,23737.099609375,23741.150390625,0.0,0.0
2026-07-24 13:44:00,23741.099609375,23750.099609375,23740.75,23747.75,0.0,0.0
2026-07-24 13:45:00,23747.900390625,23750.80078125,23742.25,23750.80078125,0.0,0.0
2026-07-24 13:46:00,23750.5,23754.650390625,23748.099609375,23753.19921875,0.0,0.0
2026-07-24 13:47:00,23753.400390625,23757.0,23747.94921875,23750.80078125,0.0,0.0
2026-07-24 13:48:00,23750.099609375,23756.650390625,23748.25,23756.400390625,0.0,0.0
2026-07-24 13:49:00,23756.69921875,23765.099609375,23754.94921875,23762.30078125,0.0,0.0
2026-07-24 13:50:00,23762.94921875,23771.5,23762.94921875,23768.75,0.0,0.0
2026-07-24 13:51:00,23769.150390625,23770.19921875,23764.44921875,23768.55078125,0.0,0.0
2026-07-24 13:52:00,23768.099609375,23784.349609375,23768.099609375,23782.400390625,0.0,0.0
2026-07-24 13:53:00,23782.05078125,23786.80078125,23777.75,23778.19921875,0.0,0.0
2026-07-24 13:54:00,23778.69921875,23786.30078125,23777.599609375,23784.05078125,0.0,0.0
2026-07-24 13:55:00,23784.5,23791.05078125,23780.099609375,23790.0,0.0,0.0
2026-07-24 13:56:00,23788.150390625,23792.150390625,23785.900390625,23790.05078125,0.0,0.0
2026-07-24 13:57:00,23789.05078125,23791.900390625,23785.19921875,23789.400390625,0.0,0.0
2026-07-24 13:58:00,23789.400390625,23794.80078125,23787.69921875,23792.900390625,0.0,0.0
2026-07-24 13:59:00,23792.900390625,23803.05078125,23792.80078125,23802.94921875,0.0,0.0
2026-07-24 14:00:00,23803.05078125,23808.349609375,23798.44921875,23798.849609375,0.0,0.0
2026-07-24 14:01:00,23798.650390625,23799.900390625,23788.80078125,23795.599609375,0.0,0.0
2026-07-24 14:02:00,23795.900390625,23811.349609375,23795.5,23810.599609375,0.0,0.0
2026-07-24 14:03:00,23810.55078125,23818.599609375,23810.25,23818.30078125,0.0,0.0
2026-07-24 14:04:00,23818.25,23823.599609375,23816.80078125,23817.150390625,0.0,0.0
2026-07-24 14:05:00,23816.849609375,23817.75,23808.150390625,23809.650390625,0.0,0.0
2026-07-24 14:06:00,23809.5,23812.30078125,23806.25,23808.30078125,0.0,0.0
2026-07-24 14:07:00,23808.25,23812.69921875,23805.599609375,23810.599609375,0.0,0.0
2026-07-24 14:08:00,23810.69921875,23812.349609375,23800.650390625,23800.900390625,0.0,0.0
2026-07-24 14:09:00,23801.05078125,23805.849609375,23800.349609375,23800.349609375,0.0,0.0
2026-07-24 14:10:00,23799.69921875,23801.650390625,23791.599609375,23797.099609375,0.0,0.0
2026-07-24 14:11:00,23797.0,23799.94921875,23793.19921875,23794.400390625,0.0,0.0
2026-07-24 14:12:00,23794.69921875,23798.75,23790.599609375,23791.5,0.0,0.0
2026-07-24 14:13:00,23791.5,23796.19921875,23790.0,23794.0,0.0,0.0
2026-07-24 14:14:00,23794.150390625,23798.94921875,23793.900390625,23797.400390625,0.0,0.0
2026-07-24 14:15:00,23797.5,23800.30078125,23795.400390625,23799.30078125,0.0,0.0
2026-07-24 14:16:00,23799.19921875,23805.75,23798.55078125,23801.80078125,0.0,0.0
2026-07-24 14:17:00,23801.849609375,23803.75,23797.849609375,23798.30078125,0.0,0.0
2026-07-24 14:18:00,23798.30078125,23800.05078125,23788.25,23788.55078125,0.0,0.0
2026-07-24 14:19:00,23788.80078125,23792.0,23787.05078125,23789.900390625,0.0,0.0
2026-07-24 14:20:00,23789.80078125,23791.0,23779.30078125,23779.30078125,0.0,0.0
2026-07-24 14:21:00,23781.849609375,23781.849609375,23776.5,23781.05078125,0.0,0.0
2026-07-24 14:22:00,23781.150390625,23784.349609375,23776.400390625,23776.900390625,0.0,0.0
2026-07-24 14:23:00,23776.75,23778.099609375,23772.599609375,23775.099609375,0.0,0.0
2026-07-24 14:24:00,23775.05078125,23779.150390625,23773.75,23776.0,0.0,0.0
2026-07-24 14:25:00,23776.099609375,23785.25,23773.650390625,23783.25,0.0,0.0
2026-07-24 14:26:00,23783.25,23788.0,23776.69921875,23776.69921875,0.0,0.0
2026-07-24 14:27:00,23777.400390625,23778.55078125,23770.400390625,23771.44921875,0.0,0.0
2026-07-24 14:28:00,23770.94921875,23776.400390625,23770.69921875,23776.0,0.0,0.0
2026-07-24 14:29:00,23776.099609375,23778.55078125,23774.5,23777.650390625,0.0,0.0
2026-07-24 14:30:00,23777.349609375,23778.650390625,23771.44921875,23771.650390625,0.0,0.0
2026-07-24 14:31:00,23771.400390625,23783.30078125,23768.44921875,23781.30078125,0.0,0.0
2026-07-24 14:32:00,23781.19921875,23782.900390625,23774.44921875,23774.75,0.0,0.0
2026-07-24 14:33:00,23774.80078125,23778.69921875,23773.05078125,23775.0,0.0,0.0
2026-07-24 14:34:00,23775.0,23776.75,23765.650390625,23767.150390625,0.0,0.0
2026-07-24 14:35:00,23766.650390625,23771.599609375,23761.05078125,23769.30078125,0.0,0.0
2026-07-24 14:36:00,23769.900390625,23772.849609375,23766.69921875,23769.349609375,0.0,0.0
2026-07-24 14:37:00,23769.349609375,23775.75,23768.0,23774.150390625,0.0,0.0
2026-07-24 14:38:00,23774.55078125,23776.69921875,23768.599609375,23769.19921875,0.0,0.0
2026-07-24 14:39:00,23768.69921875,23774.75,23767.349609375,23772.349609375,0.0,0.0
2026-07-24 14:40:00,23772.5,23774.55078125,23770.599609375,23772.400390625,0.0,0.0
2026-07-24 14:41:00,23772.5,23778.150390625,23770.55078125,23775.0,0.0,0.0
2026-07-24 14:42:00,23774.849609375,23777.150390625,23763.400390625,23764.30078125,0.0,0.0
2026-07-24 14:43:00,23762.599609375,23765.94921875,23760.19921875,23764.30078125,0.0,0.0
2026-07-24 14:44:00,23764.5,23771.44921875,23763.849609375,23768.400390625,0.0,0.0
2026-07-24 14:45:00,23768.099609375,23771.599609375,23766.400390625,23767.25,0.0,0.0
2026-07-24 14:46:00,23767.0,23770.900390625,23765.5,23767.5,0.0,0.0
2026-07-24 14:47:00,23767.900390625,23772.75,23767.80078125,23769.150390625,0.0,0.0
2026-07-24 14:48:00,23769.349609375,23769.94921875,23761.849609375,23766.19921875,0.0,0.0
2026-07-24 14:49:00,23766.19921875,23774.150390625,23765.05078125,23773.69921875,0.0,0.0
2026-07-24 14:50:00,23773.150390625,23777.0,23770.80078125,23773.19921875,0.0,0.0
2026-07-24 14:51:00,23772.900390625,23777.75,23771.25,23777.30078125,0.0,0.0
2026-07-24 14:52:00,23777.599609375,23781.900390625,23775.94921875,23778.44921875,0.0,0.0
2026-07-24 14:53:00,23778.349609375,23793.0,23778.150390625,23791.75,0.0,0.0
2026-07-24 14:54:00,23791.30078125,23794.150390625,23789.150390625,23790.44921875,0.0,0.0
2026-07-24 14:55:00,23791.349609375,23792.69921875,23783.19921875,23785.55078125,0.0,0.0
2026-07-24 14:56:00,23785.349609375,23788.44921875,23783.599609375,23787.80078125,0.0,0.0
2026-07-24 14:57:00,23787.80078125,23788.55078125,23779.599609375,23781.75,0.0,0.0
2026-07-24 14:58:00,23782.19921875,23784.650390625,23779.0,23781.19921875,0.0,0.0
2026-07-24 14:59:00,23781.150390625,23781.150390625,23773.30078125,23776.80078125,0.0,0.0
2026-07-24 15:00:00,23777.94921875,23782.44921875,23762.150390625,23763.150390625,0.0,0.0
2026-07-24 15:01:00,23764.5,23764.5,23750.099609375,23750.599609375,0.0,0.0
2026-07-24 15:02:00,23751.80078125,23755.900390625,23747.650390625,23755.150390625,0.0,0.0
2026-07-24 15:03:00,23756.30078125,23757.5,23750.5,23752.30078125,0.0,0.0
2026-07-24 15:04:00,23753.400390625,23757.150390625,23753.400390625,23756.400390625,0.0,0.0
2026-07-24 15:05:00,23756.44921875,23757.55078125,23752.400390625,23753.75,0.0,0.0
2026-07-24 15:06:00,23754.44921875,23763.099609375,23752.400390625,23761.599609375,0.0,0.0
2026-07-24 15:07:00,23762.400390625,23764.25,23755.150390625,23755.650390625,0.0,0.0
2026-07-24 15:08:00,23756.75,23757.0,23751.5,23752.0,0.0,0.0
2026-07-24 15:09:00,23752.80078125,23759.400390625,23751.349609375,23757.150390625,0.0,0.0
2026-07-24 15:10:00,23757.349609375,23758.400390625,23751.94921875,23753.650390625,0.0,0.0
2026-07-24 15:11:00,23755.05078125,23758.25,23753.599609375,23756.400390625,0.0,0.0
2026-07-24 15:12:00,23757.349609375,23759.25,23755.599609375,23757.19921875,0.0,0.0
2026-07-24 15:13:00,23757.94921875,23759.5,23756.349609375,23758.75,0.0,0.0
2026-07-24 15:14:00,23760.349609375,23772.349609375,23758.400390625,23771.900390625,0.0,0.0
2026-07-24 15:15:00,23771.44921875,23789.80078125,23770.0,23788.75,0.0,0.0
2026-07-24 15:16:00,23789.5,23789.5,23775.75,23776.19921875,0.0,0.0
2026-07-24 15:17:00,23777.94921875,23778.05078125,23768.94921875,23769.599609375,0.0,0.0
2026-07-24 15:18:00,23770.55078125,23772.05078125,23767.44921875,23770.900390625,0.0,0.0
2026-07-24 15:19:00,23771.650390625,23774.349609375,23770.599609375,23772.69921875,0.0,0.0
2026-07-24 15:20:00,23774.19921875,23775.80078125,23772.44921875,23774.400390625,0.0,0.0
2026-07-24 15:21:00,23774.94921875,23777.44921875,23772.19921875,23776.75,0.0,0.0
2026-07-24 15:22:00,23777.80078125,23777.80078125,23773.849609375,23774.94921875,0.0,0.0
2026-07-24 15:23:00,23775.099609375,23781.0,23774.05078125,23780.55078125,0.0,0.0
2026-07-24 15:24:00,23780.80078125,23782.19921875,23775.75,23779.400390625,0.0,0.0
2026-07-24 15:25:00,23779.30078125,23782.099609375,23773.400390625,23776.400390625,0.0,0.0
2026-07-24 15:26:00,23777.349609375,23779.69921875,23772.05078125,23778.400390625,0.0,0.0
2026-07-24 15:27:00,23779.0,23786.400390625,23776.099609375,23786.150390625,0.0,0.0
2026-07-24 15:28:00,23785.25,23790.30078125,23779.150390625,23787.25,0.0,0.0
2026-07-24 15:29:00,23783.05078125,23792.94921875,23783.05078125,23787.0,0.0,0.0
2026-07-24 15:30:00,23767.44921875,23767.44921875,23767.44921875,23767.44921875,0.0,0.0
